{"chooseTimeZone":"Velg tidssone.","offsetPlaceholder":"Søk etter by, region eller forskyvning","regionPlaceholder":"Søk etter by, land, region eller forskyvning","namePlaceholder":"Søk etter tidssone","timeZoneLabel":"({offset}) {cities}","timeZoneRegionLabel":"{city}, {country}","Africa/Abidjan":"Abidjan","Africa/Algiers":"Alger","Africa/Bissau":"Bissau","Africa/Cairo":"Kairo","Africa/Casablanca":"Casablanca","Africa/Ceuta":"Ceuta","Africa/El_Aaiun":"El Aaiun","Africa/Johannesburg":"Johannesburg","Africa/Juba":"Juba","Africa/Khartoum":"Khartoum","Africa/Lagos":"Lagos","Africa/Maputo":"Maputo","Africa/Monrovia":"Monrovia","Africa/Nairobi":"Nairobi","Africa/Ndjamena":"Ndjamena","Africa/Sao_Tome":"São Tomé","Africa/Tripoli":"Tripoli","Africa/Tunis":"Tunis","Africa/Windhoek":"Windhoek","America/Adak":"Adak","America/Anchorage":"Anchorage","America/Araguaina":"Araguaina","America/Argentina/Buenos_Aires":"Buenos Aires","America/Argentina/Catamarca":"Catamarca","America/Argentina/Cordoba":"Cordoba","America/Argentina/Jujuy":"Jujuy","America/Argentina/La_Rioja":"La Rioja","America/Argentina/Mendoza":"Mendoza","America/Argentina/Rio_Gallegos":"Rio Gallegos","America/Argentina/Salta":"Salta","America/Argentina/San_Juan":"San Juan","America/Argentina/San_Luis":"San Luis","America/Argentina/Tucuman":"Tucumán","America/Argentina/Ushuaia":"Ushuaia","America/Asuncion":"Asuncion","America/Bahia":"Bahia","America/Bahia_Banderas":"Bahia de Banderas","America/Barbados":"Barbados","America/Belem":"Belém","America/Belize":"Belize","America/Boa_Vista":"Boa Vista","America/Bogota":"Bogota","America/Boise":"Boise","America/Cambridge_Bay":"Cambridge Bay","America/Campo_Grande":"Campo Grande","America/Cancun":"Cancún","America/Caracas":"Caracas","America/Cayenne":"Cayenne","America/Chicago":"Chicago","America/Chihuahua":"Chihuahua","America/Ciudad_Juarez":"Ciudad Juarez","America/Costa_Rica":"Costa Rica","America/Cuiaba":"Cuiaba","America/Danmarkshavn":"Danmarkshavn","America/Dawson":"Dawson","America/Dawson_Creek":"Dawson Creek","America/Denver":"Denver","America/Detroit":"Detroit","America/Edmonton":"Edmonton","America/Eirunepe":"Eirunepe","America/El_Salvador":"El Salvador","America/Fort_Nelson":"Fort Nelson","America/Fortaleza":"Fortaleza","America/Glace_Bay":"Glace Bay","America/Goose_Bay":"Goose Bay","America/Grand_Turk":"Grand Turk","America/Guatemala":"Guatemala","America/Guayaquil":"Guayaquil","America/Guyana":"Guyana","America/Halifax":"Halifax","America/Havana":"Havana","America/Hermosillo":"Hermosillo","America/Indiana/Indianapolis":"Indianapolis","America/Indiana/Knox":"Knox","America/Indiana/Marengo":"Marengo","America/Indiana/Petersburg":"Petersburg","America/Indiana/Tell_City":"Tell City","America/Indiana/Vevay":"Vevay","America/Indiana/Vincennes":"Vincennes","America/Indiana/Winamac":"Winamac","America/Inuvik":"Inuvik","America/Iqaluit":"Iqaluit","America/Jamaica":"Jamaica","America/Juneau":"Juneau","America/Kentucky/Louisville":"Louisville","America/Kentucky/Monticello":"Monticello","America/La_Paz":"La Paz","America/Lima":"Lima","America/Los_Angeles":"Los Angeles","America/Maceio":"Maceio","America/Managua":"Managua","America/Manaus":"Manaus","America/Martinique":"Martinique","America/Matamoros":"Matamoros","America/Mazatlan":"Mazatlan","America/Menominee":"Menominee","America/Merida":"Merida","America/Metlakatla":"Metlakatla","America/Mexico_City":"Mexico by","America/Miquelon":"Miquelon","America/Moncton":"Moncton","America/Monterrey":"Monterrey","America/Montevideo":"Montevideo","America/New_York":"New York","America/Nome":"Nome","America/Noronha":"Noronha","America/North_Dakota/Beulah":"Beulah","America/North_Dakota/Center":"Sentrert","America/North_Dakota/New_Salem":"New Salem","America/Nuuk":"Nuuk","America/Ojinaga":"Ojinaga","America/Panama":"Panama","America/Paramaribo":"Paramaribo","America/Phoenix":"Phoenix","America/Port-au-Prince":"Port-au-Prince","America/Porto_Velho":"Porto Velho","America/Puerto_Rico":"Puerto Rico","America/Punta_Arenas":"Punta Arenas","America/Rankin_Inlet":"Rankin Inlet","America/Recife":"Recife","America/Regina":"Regina","America/Resolute":"Resolute","America/Rio_Branco":"Rio Branco","America/Santarem":"Santarem","America/Santiago":"Santiago","America/Santo_Domingo":"Santo Domingo","America/Sao_Paulo":"Sao Paulo","America/Scoresbysund":"Scoresbysund","America/Sitka":"Sitka","America/St_Johns":"St Johns","America/Swift_Current":"Swift Current","America/Tegucigalpa":"Tegucigalpa","America/Thule":"Thule","America/Tijuana":"Tijuana","America/Toronto":"Toronto","America/Vancouver":"Vancouver","America/Whitehorse":"Whitehorse","America/Winnipeg":"Winnipeg","America/Yakutat":"Yakutat","Antarctica/Casey":"Casey","Antarctica/Davis":"Davis","Antarctica/Macquarie":"Macquarie","Antarctica/Mawson":"Mawson","Antarctica/Palmer":"Palmer","Antarctica/Rothera":"Rothera","Antarctica/Troll":"Troll","Asia/Almaty":"Almaty","Asia/Amman":"Amman","Asia/Anadyr":"Anadyr","Asia/Aqtau":"Aqtau","Asia/Aqtobe":"Aqtobe","Asia/Ashgabat":"Ashgabat","Asia/Atyrau":"Atyrau","Asia/Baghdad":"Baghdad","Asia/Baku":"Baku","Asia/Bangkok":"Bangkok","Asia/Barnaul":"Barnaul","Asia/Beirut":"Beirut","Asia/Bishkek":"Bishkek","Asia/Chita":"Chita","Asia/Choibalsan":"Choibalsan","Asia/Colombo":"Colombo","Asia/Damascus":"Damaskus","Asia/Dhaka":"Dhaka","Asia/Dili":"Dili","Asia/Dubai":"Dubai","Asia/Dushanbe":"Dushanbe","Asia/Famagusta":"Famagusta","Asia/Gaza":"Gaza","Asia/Hebron":"Hebron","Asia/Ho_Chi_Minh":"Ho Chi Minh by","Asia/Hong_Kong":"Hong Kong","Asia/Hovd":"Hovd","Asia/Irkutsk":"Irkutsk","Asia/Jakarta":"Jakarta","Asia/Jayapura":"Jayapura","Asia/Jerusalem":"Jerusalem","Asia/Kabul":"Kabul","Asia/Kamchatka":"Kamchatka","Asia/Karachi":"Karachi","Asia/Kathmandu":"Kathmandu","Asia/Khandyga":"Khandyga","Asia/Kolkata":"Kolkata","Asia/Krasnoyarsk":"Krasnoyarsk","Asia/Kuching":"Kuching","Asia/Macau":"Macao","Asia/Magadan":"Magadan","Asia/Makassar":"Makassar","Asia/Manila":"Manila","Asia/Nicosia":"Nicosia","Asia/Novokuznetsk":"Novokuznetsk","Asia/Novosibirsk":"Novosibirsk","Asia/Omsk":"Omsk","Asia/Oral":"Oral","Asia/Pontianak":"Pontianak","Asia/Pyongyang":"Pyongyang","Asia/Qatar":"Qatar","Asia/Qostanay":"Qostanay","Asia/Qyzylorda":"Qyzylorda","Asia/Riyadh":"Riyadh","Asia/Sakhalin":"Sakhalin","Asia/Samarkand":"Samarkand","Asia/Seoul":"Seoul","Asia/Shanghai":"Shanghai","Asia/Singapore":"Singapore","Asia/Srednekolymsk":"Srednekolymsk","Asia/Taipei":"Taipei","Asia/Tashkent":"Tasjkent","Asia/Tbilisi":"Tbilisi","Asia/Tehran":"Tehran","Asia/Thimphu":"Thimphu","Asia/Tokyo":"Tokyo","Asia/Tomsk":"Tomsk","Asia/Ulaanbaatar":"Ulan Bator","Asia/Urumqi":"Urumqi","Asia/Ust-Nera":"Ust-Nera","Asia/Vladivostok":"Vladivostok","Asia/Yakutsk":"Jakutsk","Asia/Yangon":"Yangon","Asia/Yekaterinburg":"Jekaterinburg","Asia/Yerevan":"Jerevan","Atlantic/Azores":"Azorene","Atlantic/Bermuda":"Bermuda","Atlantic/Canary":"Kanariøyene","Atlantic/Cape_Verde":"Kapp Verde","Atlantic/Faroe":"Færøyene","Atlantic/Madeira":"Madeira","Atlantic/South_Georgia":"Sør-Georgia","Atlantic/Stanley":"Stanley","Australia/Adelaide":"Adelaide","Australia/Brisbane":"Brisbane","Australia/Broken_Hill":"Broken Hill","Australia/Darwin":"Darwin","Australia/Eucla":"Eucla","Australia/Hobart":"Hobart","Australia/Lindeman":"Lindeman","Australia/Lord_Howe":"Lord Howe","Australia/Melbourne":"Melbourne","Australia/Perth":"Perth","Australia/Sydney":"Sydney","Etc/GMT":"GMT","Etc/GMT+1":"GMT-1","Etc/GMT+10":"GMT-10","Etc/GMT+11":"GMT-11","Etc/GMT+12":"GMT-12","Etc/GMT+2":"GMT-2","Etc/GMT+3":"GMT-3","Etc/GMT+4":"GMT-4","Etc/GMT+5":"GMT-5","Etc/GMT+6":"GMT-6","Etc/GMT+7":"GMT-7","Etc/GMT+8":"GMT-8","Etc/GMT+9":"GMT-9","Etc/GMT-1":"GMT+1","Etc/GMT-10":"GMT+10","Etc/GMT-11":"GMT+11","Etc/GMT-12":"GMT+12","Etc/GMT-13":"GMT+13","Etc/GMT-14":"GMT+14","Etc/GMT-2":"GMT+2","Etc/GMT-3":"GMT+3","Etc/GMT-4":"GMT+4","Etc/GMT-5":"GMT+5","Etc/GMT-6":"GMT+6","Etc/GMT-7":"GMT+7","Etc/GMT-8":"GMT+8","Etc/GMT-9":"GMT+9","Etc/UTC":"Koordinert universell tid (UTC)","Europe/Andorra":"Andorra","Europe/Astrakhan":"Astrakhan","Europe/Athens":"Athen","Europe/Belgrade":"Beograd","Europe/Berlin":"Berlin","Europe/Brussels":"Brussel","Europe/Bucharest":"Bucureşti","Europe/Budapest":"Budapest","Europe/Chisinau":"Chișinău","Europe/Dublin":"Dublin","Europe/Gibraltar":"Gibraltar","Europe/Helsinki":"Helsinki","Europe/Istanbul":"Istanbul","Europe/Kaliningrad":"Kaliningrad","Europe/Kirov":"Kirov","Europe/Kyiv":"Kyiv","Europe/Lisbon":"Lisboa","Europe/London":"London","Europe/Madrid":"Madrid","Europe/Malta":"Malta","Europe/Minsk":"Minsk","Europe/Moscow":"Moskva","Europe/Paris":"Paris","Europe/Prague":"Praha","Europe/Riga":"Riga","Europe/Rome":"Roma","Europe/Samara":"Samara","Europe/Saratov":"Saratov","Europe/Simferopol":"Simferopol","Europe/Sofia":"Sofia","Europe/Tallinn":"Tallinn","Europe/Tirane":"Tirana","Europe/Ulyanovsk":"Uljanovsk","Europe/Vienna":"Wien","Europe/Vilnius":"Vilnius","Europe/Volgograd":"Volgograd","Europe/Warsaw":"Warszawa","Europe/Zurich":"Zürich","Factory":"Systemstandard tid","Indian/Chagos":"Chagos","Indian/Maldives":"Maldivene","Indian/Mauritius":"Mauritius","Pacific/Apia":"Apia","Pacific/Auckland":"Auckland","Pacific/Bougainville":"Bougainville","Pacific/Chatham":"Chatham","Pacific/Easter":"Påskeøya","Pacific/Efate":"Efate","Pacific/Fakaofo":"Fakaofo","Pacific/Fiji":"Fiji","Pacific/Galapagos":"Galapagos","Pacific/Gambier":"Gambier","Pacific/Guadalcanal":"Guadalcanal","Pacific/Guam":"Guam","Pacific/Honolulu":"Honolulu","Pacific/Kanton":"Kanton","Pacific/Kiritimati":"Kiritimati","Pacific/Kosrae":"Kosrae","Pacific/Kwajalein":"Kwajalein","Pacific/Marquesas":"Marquesas","Pacific/Nauru":"Nauru","Pacific/Niue":"Niue","Pacific/Norfolk":"Norfolkøya","Pacific/Noumea":"Noumea","Pacific/Pago_Pago":"Pago Pago","Pacific/Palau":"Palau","Pacific/Pitcairn":"Pitcairn","Pacific/Port_Moresby":"Port Moresby","Pacific/Rarotonga":"Rarotonga","Pacific/Tahiti":"Tahiti","Pacific/Tarawa":"Tarawa","Pacific/Tongatapu":"Tongatapu","Africa":"Afrika","America":"Amerika","Antarctica":"Antarktis","Arctic":"Arktis","Asia":"Asia","Atlantic":"Atlanteren","Australia":"Australia","Europe":"Europa","Global":"Global","Indian":"Indisk","Pacific":"Stillehavet","AD":"Andorra","AE":"De forente arabiske emirater","AF":"Afghanistan","AG":"Antigua og Barbuda","AI":"Anguilla","AL":"Albania","AM":"Armenia","AO":"Angola","AQ":"Antarktis","AR":"Argentina","AS":"Amerikansk Samoa","AT":"Østerrike","AU":"Australia","AW":"Aruba","AX":"Ålandsøyene","AZ":"Aserbajdsjan","BA":"Bosnia-Hercegovina","BB":"Barbados","BD":"Bangladesh","BE":"Belgia","BF":"Burkina Faso","BG":"Bulgaria","BH":"Bahrain","BI":"Burundi","BJ":"Benin","BL":"Saint Barthélemy","BM":"Bermuda","BN":"Brunei","BO":"Bolivia","BQ":"Bonaire, Saint Eustatius og Saba","BR":"Brasil","BS":"Bahamas","BT":"Bhutan","BV":"Bouvetøya","BW":"Botswana","BY":"Hviterussland","BZ":"Belize","CA":"Kanada","CC":"Kokosøyene","CD":"Den demokratiske republikken Kongo","CF":"Den sentralafrikanske republikk","CG":"Republikken Kongo","CH":"Sveits","CI":"Elfenbenskysten","CK":"Cook-øyene","CL":"Chile","CM":"Kamerun","CN":"Kina","CO":"Colombia","CR":"Costa Rica","CU":"Cuba","CV":"Kapp Verde","CW":"Curaçao","CX":"Christmasøya","CY":"Kypros","CZ":"Tsjekkia","DE":"Tyskland","DJ":"Djibouti","DK":"Danmark","DM":"Dominica","DO":"Den dominikanske republikk","DZ":"Algerie","EC":"Ecuador","EE":"Estland","EG":"Egypt","EH":"Vest-Sahara","ER":"Eritrea","ES":"Spania","ET":"Etiopia","FI":"Finland","FJ":"Fiji","FK":"Falklandsøyene","FM":"Mikronesiaføderasjonen","FO":"Færøyene","FR":"Frankrike","GA":"Gabon","GB":"Storbritannia","GD":"Grenada","GE":"Georgia","GF":"Fransk Guyana","GG":"Guernsey","GH":"Ghana","GI":"Gibraltar","GL":"Grønland","GM":"Gambia","GN":"Guinea","GP":"Guadeloupe","GQ":"Ekvatorial-Guinea","GR":"Hellas","GS":"Saint-Martin og Sør-Sandwichøyene","GT":"Guatemala","GU":"Guam","GW":"Guinea-Bissau","GY":"Guyana","HK":"Hong Kong","HM":"Heardøya og McDonaldøyene","HN":"Honduras","HR":"Kroatia","HT":"Haiti","HU":"Ungarn","ID":"Indonesia","IE":"Irland","IL":"Israel","IM":"Isle of Man","IN":"India","IO":"Det britiske territoriet i Indiahavet","IQ":"Irak","IR":"Iran","IS":"Island","IT":"Italia","JE":"Jersey","JM":"Jamaica","JO":"Jordan","JP":"Japan","KE":"Kenya","KG":"Kirgisistan","KH":"Kambodsja","KI":"Kiribati","KM":"Komorene","KN":"St. Kitts og Nevis","KP":"Nord-Korea","KR":"Sør-Korea","KW":"Kuwait","KY":"Caymanøyene","KZ":"Kasakhstan","LA":"Laos","LB":"Libanon","LC":"St. Lucia","LI":"Liechtenstein","LK":"Sri Lanka","LR":"Liberia","LS":"Lesotho","LT":"Litauen","LU":"Luxembourg","LV":"Latvia","LY":"Libya","MA":"Marokko","MC":"Monaco","MD":"Moldova","ME":"Montenegro","MF":"Saint-Martin","MG":"Madagaskar","MH":"Marshalløyene","MK":"Nord-Makedonia","ML":"Mali","MM":"Myanmar","MN":"Mongolia","MO":"Macao","MP":"Nord-Marianene","MQ":"Martinique","MR":"Mauritania","MS":"Montserrat","MT":"Malta","MU":"Mauritius","MV":"Maldivene","MW":"Malawi","MX":"Mexico","MY":"Malaysia","MZ":"Mosambik","NA":"Namibia","NC":"Ny-Caledonia","NE":"Niger","NF":"Norfolkøya","NG":"Nigeria","NI":"Nicaragua","NL":"Nederland","NO":"Norge","NP":"Nepal","NR":"Nauru","NU":"Niue","NZ":"New Zealand","OM":"Oman","PA":"Panama","PE":"Peru","PF":"Fransk Polynesia","PG":"Papua Ny-Guinea","PH":"Filippinene","PK":"Pakistan","PL":"Polen","PM":"St. Pierre og Miquelon","PN":"Pitcairn-øyene","PR":"Puerto Rico","PS":"Palestina","PT":"Portugal","PW":"Palau","PY":"Paraguay","QA":"Qatar","RE":"Réunion","RO":"Romania","RS":"Serbia","RU":"Russland","RW":"Rwanda","SA":"Saudi-Arabia","SB":"Solomonøyene","SC":"Seychellene","SD":"Sudan","SE":"Sverige","SG":"Singapore","SH":"St. Helena","SI":"Slovenia","SJ":"Svalbard og Jan Mayen","SK":"Slovakia","SL":"Sierra Leone","SM":"San Marino","SN":"Senegal","SO":"Somalia","SR":"Surinam","SS":"Sør-Sudan","ST":"São Tomé og Príncipe","SV":"El Salvador","SX":"Sint Maarten","SY":"Syria","SZ":"Eswatini","TC":"Turks og Caicos-øyene","TD":"Tsjad","TF":"Franske territorier i sør","TG":"Togo","TH":"Thailand","TJ":"Tadsjikistan","TK":"Tokelau","TL":"Øst-Timor","TM":"Turkmenistan","TN":"Tunisia","TO":"Tonga","TR":"Tyrkia","TT":"Trinidad og Tobago","TV":"Tuvalu","TW":"Taiwan","TZ":"Tanzania","UA":"Ukraina","UG":"Uganda","UM":"USAs ytre småøyer","US":"USA","UY":"Uruguay","UZ":"Usbekistan","VA":"Vatikanstaten","VC":"St. Vincent og Grenadinene","VE":"Venezuela","VG":"De britiske jomfruøyene","VI":"De amerikanske Jomfruøyer","VN":"Vietnam","VU":"Vanuatu","WF":"Wallis og Futuna","WS":"Samoa","YE":"Jemen","YT":"Mayotte","ZA":"Sør-Afrika","ZM":"Zambia","ZW":"Zimbabwe"}