{"chooseTimeZone":"Elija la zona horaria.","offsetPlaceholder":"Buscar por ciudad, región o desplazamiento","regionPlaceholder":"Buscar por ciudad, país, región o desplazamiento","namePlaceholder":"Buscar por zona horaria","timeZoneLabel":"({offset}) {cities}","timeZoneRegionLabel":"{city}, {country}","Africa/Abidjan":"Abiyán","Africa/Algiers":"Argel","Africa/Bissau":"Bisáu","Africa/Cairo":"El Cairo","Africa/Casablanca":"Casablanca","Africa/Ceuta":"Ceuta","Africa/El_Aaiun":"El Aaiún","Africa/Johannesburg":"Johannesburgo","Africa/Juba":"Yuba","Africa/Khartoum":"Jartum","Africa/Lagos":"Lagos","Africa/Maputo":"Maputo","Africa/Monrovia":"Monrovia","Africa/Nairobi":"Nairobi","Africa/Ndjamena":"Yamena","Africa/Sao_Tome":"Santo Tomé","Africa/Tripoli":"Trípoli","Africa/Tunis":"Túnez","Africa/Windhoek":"Windhoek","America/Adak":"Adak","America/Anchorage":"Anchorage","America/Araguaina":"Araguaína","America/Argentina/Buenos_Aires":"Buenos Aires","America/Argentina/Catamarca":"Catamarca","America/Argentina/Cordoba":"Córdoba","America/Argentina/Jujuy":"Jujuy","America/Argentina/La_Rioja":"La Rioja","America/Argentina/Mendoza":"Mendoza","America/Argentina/Rio_Gallegos":"Río Gallegos","America/Argentina/Salta":"Salta","America/Argentina/San_Juan":"San Juan","America/Argentina/San_Luis":"San Luis","America/Argentina/Tucuman":"Tucumán","America/Argentina/Ushuaia":"Ushuaia","America/Asuncion":"Asunción","America/Bahia":"Bahía","America/Bahia_Banderas":"Bahía de Banderas","America/Barbados":"Barbados","America/Belem":"Belém","America/Belize":"Belice","America/Boa_Vista":"Boa Vista","America/Bogota":"Bogotá","America/Boise":"Boise","America/Cambridge_Bay":"Cambridge Bay","America/Campo_Grande":"Campo Grande","America/Cancun":"Cancún","America/Caracas":"Caracas","America/Cayenne":"Cayenne","America/Chicago":"Chicago","America/Chihuahua":"Chihuahua","America/Ciudad_Juarez":"Ciudad Juárez","America/Costa_Rica":"Costa Rica","America/Cuiaba":"Cuiabá","America/Danmarkshavn":"Danmarkshavn","America/Dawson":"Dawson","America/Dawson_Creek":"Dawson Creek","America/Denver":"Denver","America/Detroit":"Detroit","America/Edmonton":"Edmonton","America/Eirunepe":"Eirunepe","America/El_Salvador":"El Salvador","America/Fort_Nelson":"Fort Nelson","America/Fortaleza":"Fortaleza","America/Glace_Bay":"Glace Bay","America/Goose_Bay":"Goose Bay","America/Grand_Turk":"Grand Turk","America/Guatemala":"Guatemala","America/Guayaquil":"Guayaquil","America/Guyana":"Guyana","America/Halifax":"Halifax","America/Havana":"La Habana","America/Hermosillo":"Hermosillo","America/Indiana/Indianapolis":"Indianápolis","America/Indiana/Knox":"Knox","America/Indiana/Marengo":"Marengo","America/Indiana/Petersburg":"Petersburg","America/Indiana/Tell_City":"Tell City","America/Indiana/Vevay":"Vevay","America/Indiana/Vincennes":"Vincennes","America/Indiana/Winamac":"Winamac","America/Inuvik":"Inuvik","America/Iqaluit":"Iqaluit","America/Jamaica":"Jamaica","America/Juneau":"Juneau","America/Kentucky/Louisville":"Louisville","America/Kentucky/Monticello":"Monticello","America/La_Paz":"La Paz","America/Lima":"Lima","America/Los_Angeles":"Los Ángeles","America/Maceio":"Maceió","America/Managua":"Managua","America/Manaus":"Manaos","America/Martinique":"Martinica","America/Matamoros":"Matamoros","America/Mazatlan":"Mazatlán","America/Menominee":"Menominee","America/Merida":"Mérida","America/Metlakatla":"Metlakatla","America/Mexico_City":"Ciudad de México","America/Miquelon":"Miguelón","America/Moncton":"Moncton","America/Monterrey":"Monterrey","America/Montevideo":"Montevideo","America/New_York":"Nueva York","America/Nome":"Nome","America/Noronha":"Noronha","America/North_Dakota/Beulah":"Beulah","America/North_Dakota/Center":"Centro","America/North_Dakota/New_Salem":"New Salem","America/Nuuk":"Nuuk","America/Ojinaga":"Ojinaga","America/Panama":"Panamá","America/Paramaribo":"Paramaribo","America/Phoenix":"Phoenix","America/Port-au-Prince":"Puerto Príncipe","America/Porto_Velho":"Porto Velho","America/Puerto_Rico":"Puerto Rico","America/Punta_Arenas":"Punta Arenas","America/Rankin_Inlet":"Rankin Inlet","America/Recife":"Recife","America/Regina":"Regina","America/Resolute":"Resolute","America/Rio_Branco":"Río Branco","America/Santarem":"Santarém","America/Santiago":"Santiago","America/Santo_Domingo":"Santo Domingo","America/Sao_Paulo":"São Paulo","America/Scoresbysund":"Scoresbysund","America/Sitka":"Sitka","America/St_Johns":"St. Johns","America/Swift_Current":"Swift Current","America/Tegucigalpa":"Tegucigalpa","America/Thule":"Thule","America/Tijuana":"Tijuana","America/Toronto":"Toronto","America/Vancouver":"Vancouver","America/Whitehorse":"Whitehorse","America/Winnipeg":"Winnipeg","America/Yakutat":"Yakutat","Antarctica/Casey":"Casey","Antarctica/Davis":"Davis","Antarctica/Macquarie":"Macquarie","Antarctica/Mawson":"Mawson","Antarctica/Palmer":"Palmer","Antarctica/Rothera":"Rothera","Antarctica/Troll":"Troll","Asia/Almaty":"Almaty","Asia/Amman":"Ammán","Asia/Anadyr":"Anádyr","Asia/Aqtau":"Aktau","Asia/Aqtobe":"Aktobé","Asia/Ashgabat":"Asjabad","Asia/Atyrau":"Atyrau","Asia/Baghdad":"Bagdad","Asia/Baku":"Bakú","Asia/Bangkok":"Bangkok","Asia/Barnaul":"Barnaúl","Asia/Beirut":"Beirut","Asia/Bishkek":"Biskek","Asia/Chita":"Chitá","Asia/Choibalsan":"Choibalsan","Asia/Colombo":"Colombo","Asia/Damascus":"Damasco","Asia/Dhaka":"Dacca","Asia/Dili":"Dili","Asia/Dubai":"Dubái","Asia/Dushanbe":"Dusambé","Asia/Famagusta":"Famagusta","Asia/Gaza":"Gaza","Asia/Hebron":"Hebrón","Asia/Ho_Chi_Minh":"Ciudad Ho Chi Minh","Asia/Hong_Kong":"Hong Kong","Asia/Hovd":"Hovd","Asia/Irkutsk":"Irkutsk","Asia/Jakarta":"Yakarta","Asia/Jayapura":"Jayapura","Asia/Jerusalem":"Jerusalén","Asia/Kabul":"Kabul","Asia/Kamchatka":"Kamchatka","Asia/Karachi":"Karachi","Asia/Kathmandu":"Katmandú","Asia/Khandyga":"Khandyga","Asia/Kolkata":"Kolkata","Asia/Krasnoyarsk":"Krasnoyarsk","Asia/Kuching":"Kuching","Asia/Macau":"Macao","Asia/Magadan":"Magadán","Asia/Makassar":"Macasar","Asia/Manila":"Manila","Asia/Nicosia":"Nicosia","Asia/Novokuznetsk":"Novokuznetsk","Asia/Novosibirsk":"Novosibirsk","Asia/Omsk":"Omsk","Asia/Oral":"Oral","Asia/Pontianak":"Pontianak","Asia/Pyongyang":"Pionyang","Asia/Qatar":"Catar","Asia/Qostanay":"Qostanay","Asia/Qyzylorda":"Qyzylorda","Asia/Riyadh":"Riad","Asia/Sakhalin":"Sajalin","Asia/Samarkand":"Samarcanda","Asia/Seoul":"Seúl","Asia/Shanghai":"Shanghái","Asia/Singapore":"Singapur","Asia/Srednekolymsk":"Srednekolimsk","Asia/Taipei":"Taipéi","Asia/Tashkent":"Tashkent","Asia/Tbilisi":"Tiflis","Asia/Tehran":"Teherán","Asia/Thimphu":"Timbu","Asia/Tokyo":"Tokio","Asia/Tomsk":"Tomsk","Asia/Ulaanbaatar":"Ulán Bator","Asia/Urumqi":"Urumqi","Asia/Ust-Nera":"Ust-Nera","Asia/Vladivostok":"Vladivostok","Asia/Yakutsk":"Yakutsk","Asia/Yangon":"Rangún","Asia/Yekaterinburg":"Ekaterimburgo","Asia/Yerevan":"Ereván","Atlantic/Azores":"Azores","Atlantic/Bermuda":"Bermudas","Atlantic/Canary":"Canarias","Atlantic/Cape_Verde":"Cabo Verde","Atlantic/Faroe":"Islas Feroe","Atlantic/Madeira":"Madeira","Atlantic/South_Georgia":"Georgia del Sur","Atlantic/Stanley":"Stanley","Australia/Adelaide":"Adelaida","Australia/Brisbane":"Brisbane","Australia/Broken_Hill":"Broken Hill","Australia/Darwin":"Darwin","Australia/Eucla":"Eucla","Australia/Hobart":"Hobart","Australia/Lindeman":"Lindeman","Australia/Lord_Howe":"Lord Howe","Australia/Melbourne":"Melbourne","Australia/Perth":"Perth","Australia/Sydney":"Sídney","Etc/GMT":"GMT","Etc/GMT+1":"GMT-1","Etc/GMT+10":"GMT-10","Etc/GMT+11":"GMT-11","Etc/GMT+12":"GMT-12","Etc/GMT+2":"GMT-2","Etc/GMT+3":"GMT-3","Etc/GMT+4":"GMT-4","Etc/GMT+5":"GMT-5","Etc/GMT+6":"GMT-6","Etc/GMT+7":"GMT-7","Etc/GMT+8":"GMT-8","Etc/GMT+9":"GMT-9","Etc/GMT-1":"GMT+1","Etc/GMT-10":"GMT+10","Etc/GMT-11":"GMT+11","Etc/GMT-12":"GMT+12","Etc/GMT-13":"GMT+13","Etc/GMT-14":"GMT+14","Etc/GMT-2":"GMT+2","Etc/GMT-3":"GMT+3","Etc/GMT-4":"GMT+4","Etc/GMT-5":"GMT+5","Etc/GMT-6":"GMT+6","Etc/GMT-7":"GMT+7","Etc/GMT-8":"GMT+8","Etc/GMT-9":"GMT+9","Etc/UTC":"Hora universal coordinada (UTC)","Europe/Andorra":"Andorra","Europe/Astrakhan":"Astracán","Europe/Athens":"Atenas","Europe/Belgrade":"Belgrado","Europe/Berlin":"Berlín","Europe/Brussels":"Bruselas","Europe/Bucharest":"Bucarest","Europe/Budapest":"Budapest","Europe/Chisinau":"Chişinău","Europe/Dublin":"Dublín","Europe/Gibraltar":"Gibraltar","Europe/Helsinki":"Helsinki","Europe/Istanbul":"Estambul","Europe/Kaliningrad":"Kaliningrado","Europe/Kirov":"Kírov","Europe/Kyiv":"Kiev","Europe/Lisbon":"Lisboa","Europe/London":"Londres","Europe/Madrid":"Madrid","Europe/Malta":"Malta","Europe/Minsk":"Minsk","Europe/Moscow":"Moscú","Europe/Paris":"París","Europe/Prague":"Praga","Europe/Riga":"Riga","Europe/Rome":"Roma","Europe/Samara":"Samara","Europe/Saratov":"Saratov","Europe/Simferopol":"Simferópol","Europe/Sofia":"Sofía","Europe/Tallinn":"Tallin","Europe/Tirane":"Tirana","Europe/Ulyanovsk":"Uliánovsk","Europe/Vienna":"Viena","Europe/Vilnius":"Vilna","Europe/Volgograd":"Volgogrado","Europe/Warsaw":"Varsovia","Europe/Zurich":"Zúrich","Factory":"Hora predeterminada del sistema","Indian/Chagos":"Chagos","Indian/Maldives":"Maldivas","Indian/Mauritius":"Mauricio","Pacific/Apia":"Apia","Pacific/Auckland":"Auckland","Pacific/Bougainville":"Bougainville","Pacific/Chatham":"Chatham","Pacific/Easter":"Pascua","Pacific/Efate":"Efate","Pacific/Fakaofo":"Fakaofo","Pacific/Fiji":"Fiyi","Pacific/Galapagos":"Galápagos","Pacific/Gambier":"Gambier","Pacific/Guadalcanal":"Guadalcanal","Pacific/Guam":"Guam","Pacific/Honolulu":"Honolulu","Pacific/Kanton":"Kanton","Pacific/Kiritimati":"Kiritimati","Pacific/Kosrae":"Kosrae","Pacific/Kwajalein":"Kwajalein","Pacific/Marquesas":"Marquesas","Pacific/Nauru":"Nauru","Pacific/Niue":"Niue","Pacific/Norfolk":"Isla Norfolk","Pacific/Noumea":"Noumea","Pacific/Pago_Pago":"Pago Pago","Pacific/Palau":"Paláu","Pacific/Pitcairn":"Islas Pitcairn","Pacific/Port_Moresby":"Puerto Moresby","Pacific/Rarotonga":"Rarotonga","Pacific/Tahiti":"Tahití","Pacific/Tarawa":"Tarawa","Pacific/Tongatapu":"Tongatapu","Africa":"África","America":"América","Antarctica":"Antártida","Arctic":"Ártico","Asia":"Asia","Atlantic":"Atlántico","Australia":"Australia","Europe":"Europa","Global":"Global","Indian":"Indio","Pacific":"Pacífico","AD":"Andorra","AE":"Emiratos Árabes Unidos","AF":"Afganistán","AG":"Antigua y Barbuda","AI":"Anguila","AL":"Albania","AM":"Armenia","AO":"Angola","AQ":"Antártida","AR":"Argentina","AS":"Samoa Americana","AT":"Austria","AU":"Australia","AW":"Aruba","AX":"Islas Åland","AZ":"Azerbaiyán","BA":"Bosnia y Herzegovina","BB":"Barbados","BD":"Bangladés","BE":"Bélgica","BF":"Burkina Faso","BG":"Bulgaria","BH":"Bahréin","BI":"Burundi","BJ":"Benín","BL":"San Bartolomé","BM":"Bermudas","BN":"Brunéi","BO":"Bolivia","BQ":"Bonaire, San Eustaquio y Saba","BR":"Brasil","BS":"Bahamas","BT":"Bután","BV":"Isla Bouvet","BW":"Botsuana","BY":"Bielorrusia","BZ":"Belice","CA":"Canadá","CC":"Islas Cocos (Keeling)","CD":"República Democrática del Congo","CF":"República Africana Central","CG":"República del Congo","CH":"Suiza","CI":"Costa de Marfil","CK":"Islas Cook","CL":"Chile","CM":"Camerún","CN":"China","CO":"Colombia","CR":"Costa Rica","CU":"Cuba","CV":"Cabo Verde","CW":"Curaçao","CX":"Isla de Navidad","CY":"Chipre","CZ":"República Checa","DE":"Alemania","DJ":"Yibuti","DK":"Dinamarca","DM":"Dominica","DO":"República Dominicana","DZ":"Argelia","EC":"Ecuador","EE":"Estonia","EG":"Egipto","EH":"Sáhara Occidental","ER":"Eritrea","ES":"España","ET":"Etiopía","FI":"Finlandia","FJ":"Fiyi","FK":"Islas Malvinas","FM":"Micronesia","FO":"Islas Feroe","FR":"Francia","GA":"Gabón","GB":"Reino Unido","GD":"Granada","GE":"Georgia","GF":"Guayana Francesa","GG":"Guernsey","GH":"Ghana","GI":"Gibraltar","GL":"Groenlandia","GM":"Gambia","GN":"Guinea","GP":"Guadalupe","GQ":"Guinea Ecuatorial","GR":"Grecia","GS":"Islas Georgias del Sur y Sandwich del Sur","GT":"Guatemala","GU":"Guam","GW":"Guinea-Bisáu","GY":"Guyana","HK":"Hong Kong","HM":"Islas Heard y McDonald","HN":"Honduras","HR":"Croacia","HT":"Haití","HU":"Hungría","ID":"Indonesia","IE":"Irlanda","IL":"Israel","IM":"Isla de Man","IN":"India","IO":"Territorio Británico del Océano Índico","IQ":"Irak","IR":"Irán","IS":"Islandia","IT":"Italia","JE":"Jersey","JM":"Jamaica","JO":"Jordania","JP":"Japón","KE":"Kenia","KG":"Kirguistán","KH":"Camboya","KI":"Kiribati","KM":"Comoras","KN":"San Cristóbal y Nieves","KP":"Corea del Norte","KR":"Corea del Sur","KW":"Kuwait","KY":"Islas Caimán","KZ":"Kazajistán","LA":"Laos","LB":"Líbano","LC":"Santa Lucía","LI":"Liechtenstein","LK":"Sri Lanka","LR":"Liberia","LS":"Lesoto","LT":"Lituania","LU":"Luxemburgo","LV":"Letonia","LY":"Libia","MA":"Marruecos","MC":"Mónaco","MD":"Moldavia","ME":"Montenegro","MF":"San Martín","MG":"Madagascar","MH":"Islas Marshall","MK":"Macedonia del Norte","ML":"Malí","MM":"Birmania","MN":"Mongolia","MO":"Macao","MP":"Islas Marianas del Norte","MQ":"Martinica","MR":"Mauritania","MS":"Montserrat","MT":"Malta","MU":"Mauricio","MV":"Maldivas","MW":"Malaui","MX":"México","MY":"Malasia","MZ":"Mozambique","NA":"Namibia","NC":"Nueva Caledonia","NE":"Níger","NF":"Isla Norfolk","NG":"Nigeria","NI":"Nicaragua","NL":"Países Bajos","NO":"Noruega","NP":"Nepal","NR":"Nauru","NU":"Niue","NZ":"Nueva Zelanda","OM":"Omán","PA":"Panamá","PE":"Perú","PF":"Polinesia Francesa","PG":"Papúa Nueva Guinea","PH":"Filipinas","PK":"Pakistán","PL":"Polonia","PM":"San Pedro y Miquelón","PN":"Islas Pitcairn","PR":"Puerto Rico","PS":"Palestina","PT":"Portugal","PW":"Paláu","PY":"Paraguay","QA":"Catar","RE":"Reunión","RO":"Rumanía","RS":"Serbia","RU":"Rusia","RW":"Ruanda","SA":"Arabia Saudita","SB":"Islas Salomón","SC":"Seychelles","SD":"Sudán","SE":"Suecia","SG":"Singapur","SH":"Santa Helena","SI":"Eslovenia","SJ":"Svalbard y Jan Mayen","SK":"Eslovaquia","SL":"Sierra Leona","SM":"San Marino","SN":"Senegal","SO":"Somalia","SR":"Surinam","SS":"Sudán del Sur","ST":"Santo Tomé y Príncipe","SV":"El Salvador","SX":"San Martín","SY":"Siria","SZ":"Esuatini","TC":"Islas Turcas y Caicos","TD":"República del Chad","TF":"Territorios Australes Franceses","TG":"Togo","TH":"Tailandia","TJ":"Tayikistán","TK":"Tokelau","TL":"Timor Oriental","TM":"Turkmenistán","TN":"Túnez","TO":"Tonga","TR":"Turquía","TT":"Trinidad y Tobago","TV":"Tuvalu","TW":"Taiwán","TZ":"Tanzania","UA":"Ucrania","UG":"Uganda","UM":"Islas Ultramarinas Menores de Estados Unidos","US":"Estados Unidos","UY":"Uruguay","UZ":"Uzbekistán","VA":"Ciudad del Vaticano","VC":"San Vicente y las Granadinas","VE":"Venezuela","VG":"Islas Vírgenes Británicas","VI":"Islas Vírgenes de Estados Unidos","VN":"Vietnam","VU":"Vanuatu","WF":"Wallis y Futuna","WS":"Samoa","YE":"Yemen","YT":"Mayotte","ZA":"Sudáfrica","ZM":"Zambia","ZW":"Zimbabue"}