{"chooseTimeZone":"בחר אזור זמן.","offsetPlaceholder":"חפש לפי עיר, אזור או היסט","regionPlaceholder":"חפש לפי עיר, ארץ, אזור או היסט","namePlaceholder":"חפש לפי אזור זמן","timeZoneLabel":"({offset}) {cities}","timeZoneRegionLabel":"{city}, {country}","Africa/Abidjan":"אביג'אן","Africa/Algiers":"אלג'יר","Africa/Bissau":"ביסאו","Africa/Cairo":"קהיר","Africa/Casablanca":"קזבלנקה","Africa/Ceuta":"סאוטה","Africa/El_Aaiun":"אל עיון","Africa/Johannesburg":"יוהנסבורג","Africa/Juba":"ג'ובה","Africa/Khartoum":"ח'רטום","Africa/Lagos":"לאגוס","Africa/Maputo":"מפוטו","Africa/Monrovia":"מונרוביה","Africa/Nairobi":"ניירובי","Africa/Ndjamena":"נג'מנה","Africa/Sao_Tome":"סאו טומה","Africa/Tripoli":"טריפולי","Africa/Tunis":"תוניס","Africa/Windhoek":"וינדהוק","America/Adak":"אדק","America/Anchorage":"אנקורג'","America/Araguaina":"ארגואינה","America/Argentina/Buenos_Aires":"בואנוס איירס","America/Argentina/Catamarca":"קטמרקה","America/Argentina/Cordoba":"קורדובה","America/Argentina/Jujuy":"חוחוי","America/Argentina/La_Rioja":"לה ריוחה","America/Argentina/Mendoza":"מנדוסה","America/Argentina/Rio_Gallegos":"ריו גז'גוס","America/Argentina/Salta":"סלטה","America/Argentina/San_Juan":"סן חואן","America/Argentina/San_Luis":"סן לואיס","America/Argentina/Tucuman":"טוקומאן","America/Argentina/Ushuaia":"אושואיה","America/Asuncion":"אסונסיון","America/Bahia":"באהיה","America/Bahia_Banderas":"באהיה דה בנדרס","America/Barbados":"ברבדוס","America/Belem":"בלם","America/Belize":"בליז","America/Boa_Vista":"בואה ויסטה","America/Bogota":"בוגוטה","America/Boise":"בויס","America/Cambridge_Bay":"קמברידג' ביי","America/Campo_Grande":"קמפוה גרנדה","America/Cancun":"קנקון","America/Caracas":"קראקס","America/Cayenne":"קאיין","America/Chicago":"שיקגו","America/Chihuahua":"צ'יוואווה","America/Ciudad_Juarez":"סיאודד חוארז","America/Costa_Rica":"קוסטה ריקה","America/Cuiaba":"קויאבה","America/Danmarkshavn":"דנמרקסהוון","America/Dawson":"דוסון","America/Dawson_Creek":"דוסון קריק","America/Denver":"דנוור","America/Detroit":"דטרויט","America/Edmonton":"אדמונטון","America/Eirunepe":"אירונפה","America/El_Salvador":"אל סלבדור","America/Fort_Nelson":"פורט נלסון","America/Fortaleza":"פורטלזה","America/Glace_Bay":"גלייס ביי","America/Goose_Bay":"גוז ביי","America/Grand_Turk":"גרנד טורק","America/Guatemala":"גווטמלה","America/Guayaquil":"גואיאקיל","America/Guyana":"גיאנה","America/Halifax":"הליפקס","America/Havana":"הוואנה","America/Hermosillo":"הרמוסילו","America/Indiana/Indianapolis":"אינדיאנפוליס","America/Indiana/Knox":"נוקס","America/Indiana/Marengo":"מרנגו","America/Indiana/Petersburg":"פטרסבורג","America/Indiana/Tell_City":"טל סיטי","America/Indiana/Vevay":"ויוואיי","America/Indiana/Vincennes":"וינסנס","America/Indiana/Winamac":"ווינמאק","America/Inuvik":"אינוביק","America/Iqaluit":"איקלואיט","America/Jamaica":"ג'מייקה","America/Juneau":"ג'ונו","America/Kentucky/Louisville":"לואיסוויל","America/Kentucky/Monticello":"מונטיצ'לו","America/La_Paz":"לה פאס","America/Lima":"לימה","America/Los_Angeles":"לוס אנג'לס","America/Maceio":"מסיאו","America/Managua":"מנגואה","America/Manaus":"מנאוס","America/Martinique":"מרטיניק","America/Matamoros":"מטאמורוס","America/Mazatlan":"מזטלאן","America/Menominee":"מנומיני","America/Merida":"מרידה","America/Metlakatla":"מטלקלטה","America/Mexico_City":"מקסיקו סיטי","America/Miquelon":"מישלון","America/Moncton":"מונקטון","America/Monterrey":"מונטריי","America/Montevideo":"מונטווידיאו","America/New_York":"ניו יורק","America/Nome":"נום","America/Noronha":"נורונהה","America/North_Dakota/Beulah":"ביולה","America/North_Dakota/Center":"מרכז","America/North_Dakota/New_Salem":"ניו סאלם","America/Nuuk":"נואוק","America/Ojinaga":"אוג'ינגה","America/Panama":"פנמה","America/Paramaribo":"פראמאריבו","America/Phoenix":"פיניקס","America/Port-au-Prince":"פורט-או-פרינס","America/Porto_Velho":"פורטו ולהו","America/Puerto_Rico":"פורטו ריקו","America/Punta_Arenas":"פונטה ארנס","America/Rankin_Inlet":"רנקין אינלט","America/Recife":"רסיפה","America/Regina":"רגינה","America/Resolute":"רזולוט","America/Rio_Branco":"ריו ברנקו","America/Santarem":"סנטארם","America/Santiago":"סנטיאגו","America/Santo_Domingo":"סנטו דומינגו","America/Sao_Paulo":"סאו פאולו","America/Scoresbysund":"סקורסביסונד","America/Sitka":"סיטקה","America/St_Johns":"סנט ג'ונס","America/Swift_Current":"סוויפט קרנט","America/Tegucigalpa":"טגוסיגלפה","America/Thule":"טולה","America/Tijuana":"טיחואנה","America/Toronto":"טורונטו","America/Vancouver":"ונקובר","America/Whitehorse":"ווייטהורס","America/Winnipeg":"ויניפג","America/Yakutat":"יקוטט","Antarctica/Casey":"קייסי","Antarctica/Davis":"דייוויס","Antarctica/Macquarie":"מקוורי","Antarctica/Mawson":"מאוסון","Antarctica/Palmer":"פלמר","Antarctica/Rothera":"רות'רה","Antarctica/Troll":"טרול","Asia/Almaty":"אלמטי","Asia/Amman":"עמאן","Asia/Anadyr":"אנאדיר","Asia/Aqtau":"אקטאו","Asia/Aqtobe":"אקטובה","Asia/Ashgabat":"אשגבאט","Asia/Atyrau":"אטיארו","Asia/Baghdad":"בגדד","Asia/Baku":"באקו","Asia/Bangkok":"בנגקוק","Asia/Barnaul":"בארנאול","Asia/Beirut":"ביירות","Asia/Bishkek":"בישקק","Asia/Chita":"צ'יטה","Asia/Choibalsan":"צ'ויבלסן","Asia/Colombo":"קולומבו","Asia/Damascus":"דמשק","Asia/Dhaka":"דאקה","Asia/Dili":"דילי","Asia/Dubai":"דובאי","Asia/Dushanbe":"דושנבה","Asia/Famagusta":"פמגוסטה","Asia/Gaza":"עזה","Asia/Hebron":"חברון","Asia/Ho_Chi_Minh":"הו צ'י מין סיטי","Asia/Hong_Kong":"הונג קונג","Asia/Hovd":"חובד","Asia/Irkutsk":"אירקוצק","Asia/Jakarta":"ג'קרטה","Asia/Jayapura":"ג'איאפורה","Asia/Jerusalem":"ירושלים","Asia/Kabul":"קאבול","Asia/Kamchatka":"קמצ'טקה","Asia/Karachi":"קאראצ'י","Asia/Kathmandu":"קטמנדו","Asia/Khandyga":"קאנדיגה","Asia/Kolkata":"קולקטה","Asia/Krasnoyarsk":"קרסנויארסק","Asia/Kuching":"קוצ'ינג","Asia/Macau":"מקאו","Asia/Magadan":"מגדן","Asia/Makassar":"מקאסאר","Asia/Manila":"מאנילה","Asia/Nicosia":"ניקוסיה","Asia/Novokuznetsk":"נובוקוזנצק","Asia/Novosibirsk":"נובוסיבירסק","Asia/Omsk":"אומסק","Asia/Oral":"אוראל","Asia/Pontianak":"פונטיאנאק","Asia/Pyongyang":"פיונגיאנג","Asia/Qatar":"קטאר","Asia/Qostanay":"קוסטנאי","Asia/Qyzylorda":"קיזילורדה","Asia/Riyadh":"ריאד","Asia/Sakhalin":"סחלין","Asia/Samarkand":"סמרקנד","Asia/Seoul":"סיאול","Asia/Shanghai":"שנגחאי","Asia/Singapore":"סינגפור","Asia/Srednekolymsk":"סרדנקולימסק","Asia/Taipei":"טאיפה","Asia/Tashkent":"טשקנט","Asia/Tbilisi":"טביליסי","Asia/Tehran":"טהראן","Asia/Thimphu":"טהימפהו","Asia/Tokyo":"טוקיו","Asia/Tomsk":"טומסק","Asia/Ulaanbaatar":"אולן בטור","Asia/Urumqi":"אורומצ'י","Asia/Ust-Nera":"אוסט-נרה","Asia/Vladivostok":"ולדיווסטוק","Asia/Yakutsk":"יקוטסק","Asia/Yangon":"ינגון","Asia/Yekaterinburg":"ייקטרינבורג","Asia/Yerevan":"ירוואן","Atlantic/Azores":"האיים האזוריים","Atlantic/Bermuda":"ברמודה","Atlantic/Canary":"קנרי","Atlantic/Cape_Verde":"כף ורדה","Atlantic/Faroe":"איי פארו","Atlantic/Madeira":"מדיירה","Atlantic/South_Georgia":"דרום ג'ורג'יה","Atlantic/Stanley":"סטנלי","Australia/Adelaide":"אדלייד","Australia/Brisbane":"בריסביין","Australia/Broken_Hill":"ברוקן היל","Australia/Darwin":"דרווין","Australia/Eucla":"יוקלה","Australia/Hobart":"הובארט","Australia/Lindeman":"לינדמן","Australia/Lord_Howe":"לורד האו","Australia/Melbourne":"מלבורן","Australia/Perth":"פרת'","Australia/Sydney":"סידני","Etc/GMT":"GMT","Etc/GMT+1":"GMT-1","Etc/GMT+10":"GMT-10","Etc/GMT+11":"GMT-11","Etc/GMT+12":"GMT-12","Etc/GMT+2":"GMT-2","Etc/GMT+3":"GMT-3","Etc/GMT+4":"GMT-4","Etc/GMT+5":"GMT-5","Etc/GMT+6":"GMT-6","Etc/GMT+7":"GMT-7","Etc/GMT+8":"GMT-8","Etc/GMT+9":"GMT-9","Etc/GMT-1":"GMT+1","Etc/GMT-10":"GMT+10","Etc/GMT-11":"GMT+11","Etc/GMT-12":"GMT+12","Etc/GMT-13":"GMT+13","Etc/GMT-14":"GMT+14","Etc/GMT-2":"GMT+2","Etc/GMT-3":"GMT+3","Etc/GMT-4":"GMT+4","Etc/GMT-5":"GMT+5","Etc/GMT-6":"GMT+6","Etc/GMT-7":"GMT+7","Etc/GMT-8":"GMT+8","Etc/GMT-9":"GMT+9","Etc/UTC":"זמן אוניברסלי מתואם (UTC)","Europe/Andorra":"אנדורה","Europe/Astrakhan":"אסטרחן","Europe/Athens":"אתונה","Europe/Belgrade":"בלגראד","Europe/Berlin":"ברלין","Europe/Brussels":"בריסל","Europe/Bucharest":"בוקרשט","Europe/Budapest":"בודפשט","Europe/Chisinau":"קישינב","Europe/Dublin":"דבלין","Europe/Gibraltar":"גיברלטר","Europe/Helsinki":"הלסינקי","Europe/Istanbul":"איסטנבול","Europe/Kaliningrad":"קלינינגרד","Europe/Kirov":"קירוב","Europe/Kyiv":"קייב","Europe/Lisbon":"ליסבון","Europe/London":"לונדון","Europe/Madrid":"מדריד","Europe/Malta":"מלטה","Europe/Minsk":"מינסק","Europe/Moscow":"מוסקבה","Europe/Paris":"פריז","Europe/Prague":"פראג","Europe/Riga":"ריגה","Europe/Rome":"רומא","Europe/Samara":"סאמארה","Europe/Saratov":"סאראטוב","Europe/Simferopol":"סימפרופול","Europe/Sofia":"סופיה","Europe/Tallinn":"טאלין","Europe/Tirane":"טירנה","Europe/Ulyanovsk":"אוליאנובסק","Europe/Vienna":"וינה","Europe/Vilnius":"וילנה","Europe/Volgograd":"וולווגראד","Europe/Warsaw":"ורשה","Europe/Zurich":"ציריך","Factory":"זמןברירת מחדל של המערכת","Indian/Chagos":"חגוס","Indian/Maldives":"האיים המלדיביים","Indian/Mauritius":"מאוריציוס","Pacific/Apia":"אפיה","Pacific/Auckland":"אוקלנד","Pacific/Bougainville":"בוגנוויל","Pacific/Chatham":"צ'אטאם","Pacific/Easter":"איסטר","Pacific/Efate":"אפאטה","Pacific/Fakaofo":"פקאופו","Pacific/Fiji":"פיג'י","Pacific/Galapagos":"גלפגוס","Pacific/Gambier":"גמבייה","Pacific/Guadalcanal":"גוודלקנל","Pacific/Guam":"גואם","Pacific/Honolulu":"הונולולו","Pacific/Kanton":"קנטון","Pacific/Kiritimati":"קיריטימטי","Pacific/Kosrae":"קוסראה","Pacific/Kwajalein":"קווג'לין","Pacific/Marquesas":"איי_מרקיז","Pacific/Nauru":"נאורו","Pacific/Niue":"ניואה","Pacific/Norfolk":"האי נורפוק","Pacific/Noumea":"נומיאה","Pacific/Pago_Pago":"פאגו פאגו","Pacific/Palau":"פלאו","Pacific/Pitcairn":"פיטקרן","Pacific/Port_Moresby":"פורט מורסבי","Pacific/Rarotonga":"ררוטונגה","Pacific/Tahiti":"טהיטי","Pacific/Tarawa":"טאראווה","Pacific/Tongatapu":"טונגטאפו","Africa":"אפריקה","America":"אמריקה","Antarctica":"אנטארקטיקה","Arctic":"האוקיינוס הארקטי","Asia":"אסיה","Atlantic":"האוקיינוס האטלנטי","Australia":"אוסטרליה","Europe":"אירופה","Global":"גלובלי","Indian":"האוקיינוס ההודי","Pacific":"האוקיינוס השקט","AD":"אנדורה","AE":"איחוד האמירויות הערביות","AF":"אפגניסטן","AG":"אנטיגואה וברבודה","AI":"אנגווילה","AL":"אלבניה","AM":"ארמניה","AO":"אנגולה","AQ":"אנטארקטיקה","AR":"ארגנטינה","AS":"סמואה האמריקאית","AT":"אוסטריה","AU":"אוסטרליה","AW":"ארובה","AX":"איי אלנד","AZ":"אזרבייג'ן","BA":"בוסניה והרצגובינה","BB":"ברבדוס","BD":"בנגלדש","BE":"בלגיה","BF":"בורקינה פאסו","BG":"בולגריה","BH":"בחריין","BI":"בורונדי","BJ":"בנין","BL":"סן ברתלמי","BM":"ברמודה","BN":"ברוניי","BO":"בוליביה","BQ":"בונאייר, סנט אוסטתיוס וסאבה","BR":"ברזיל","BS":"בהאמה","BT":"בהוטן","BV":"האי בווה","BW":"בוטסוואנה","BY":"בלארוס","BZ":"בליז","CA":"קנדה","CC":"איי קוקוס (קילינג)","CD":"הרפובליקה הדמוקרטית של קונגו","CF":"הרפובליקה המרכז אפריקאית","CG":"רפובליקת קונגו","CH":"שוויץ","CI":"חוף השנהב","CK":"איי קוק","CL":"צ'ילה","CM":"קמרון","CN":"סין","CO":"קולומביה","CR":"קוסטה ריקה","CU":"קובה","CV":"כף ורדה","CW":"קוראסאו","CX":"האי קריסמס","CY":"קפריסין","CZ":"הרפובליקה הצ'כית","DE":"גרמניה","DJ":"ג'יבוטי","DK":"דנמרק","DM":"דומיניקה","DO":"הרפובליקה הדומיניקנית","DZ":"אלג'יריה","EC":"אקוודור","EE":"אסטוניה","EG":"מצרים","EH":"סהרה המערבית","ER":"אריתריאה","ES":"ספרד","ET":"אתיופיה","FI":"פינלנד","FJ":"פיג'י","FK":"איי פוקלנד","FM":"מיקרונזיה","FO":"איי פארו","FR":"צרפת","GA":"גבון","GB":"בריטניה","GD":"גרנדה","GE":"גיאורגיה","GF":"גויאנה הצרפתית","GG":"גרנזי","GH":"גאנה","GI":"גיברלטר","GL":"גרינלנד","GM":"גמביה","GN":"גינאה","GP":"גוואדלופה","GQ":"גינאה המשוונית","GR":"יוון","GS":"דרום גאורגיה ואיי הסנדוויץ הדרומיים","GT":"גווטמלה","GU":"גואם","GW":"גינאה-ביסאו","GY":"גיאנה","HK":"הונג קונג","HM":"האי הרד ואיי מקדונלד","HN":"הונדורס","HR":"קרואטיה","HT":"האיטי","HU":"הונגריה","ID":"אינדונזיה","IE":"אירלנד","IL":"ישראל","IM":"איי מאן","IN":"הודו","IO":"הטריטוריה הבריטית באוקיינוס ההודי","IQ":"עירק","IR":"אירן","IS":"איסלנד","IT":"איטליה","JE":"ג'רסי","JM":"ג'מייקה","JO":"ירדן","JP":"יפן","KE":"קניה","KG":"קירגיזסטן","KH":"קמבודיה","KI":"קיריבטי","KM":"קומורו","KN":"סנט קיטס ונוויס","KP":"קוריאה הצפונית","KR":"דרום קוריאה","KW":"כווית","KY":"איי קיימן","KZ":"קזחסטאן","LA":"לאוס","LB":"לבנון","LC":"סנט לוסיה","LI":"ליכטנשטיין","LK":"סרי לנקה","LR":"ליבריה","LS":"לסוטו","LT":"ליטא","LU":"לוקסמבורג","LV":"לטביה","LY":"לוב","MA":"מרוקו","MC":"מונקו","MD":"מולדובה","ME":"מונטנגרו","MF":"סן מרטין","MG":"מדגסקר","MH":"איי מרשל","MK":"מקדוניה הצפונית","ML":"מאלי","MM":"מיאנמר","MN":"מונגוליה","MO":"מקאו","MP":"איי מריאנה הצפוניים","MQ":"מרטיניק","MR":"מאוריטניה","MS":"מונטסראט","MT":"מלטה","MU":"מאוריציוס","MV":"האיים המלדיביים","MW":"מלאווי","MX":"מקסיקו","MY":"מלזיה","MZ":"מוזמביק","NA":"נמיביה","NC":"קלדוניה החדשה","NE":"ניז'ר","NF":"האי נורפוק","NG":"ניגריה","NI":"ניקרגואה","NL":"הולנד","NO":"נורבגיה","NP":"נפאל","NR":"נאורו","NU":"ניואה","NZ":"ניו זילנד","OM":"עומאן","PA":"פנמה","PE":"פרו","PF":"פולינזיה הצרפתית","PG":"פפואה גינאה החדשה","PH":"פיליפינים","PK":"פקיסטן","PL":"פולין","PM":"סן פייר ומיקלון","PN":"איי פיטקרן","PR":"פורטו ריקו","PS":"הרשות הפלשתינית","PT":"פורטוגל","PW":"פלאו","PY":"פרגוואי","QA":"קטאר","RE":"ראוניון","RO":"רומניה","RS":"סרביה","RU":"רוסיה","RW":"רואנדה","SA":"ערב הסעודית","SB":"איי שלמה","SC":"איי סיישל","SD":"סודן","SE":"שוודיה","SG":"סינגפור","SH":"סנט הלנה","SI":"סלובניה","SJ":"סוואלברד ויאן מאיין","SK":"סלובקיה","SL":"סיירה לאון","SM":"סן מרינו","SN":"סנגל","SO":"סומליה","SR":"סורינאם","SS":"דרום סודן","ST":"סאו טומה ופרינסיפה","SV":"אל סלבדור","SX":"סינט מארטן","SY":"סוריה","SZ":"אסוואטיני","TC":"איי טורק וקייקוס","TD":"צ'אד","TF":"הטריטוריות הדרומיות של צרפת","TG":"טוגו","TH":"תאילנד","TJ":"טג'יקיסטן","TK":"טוקלאו","TL":"מזרח טימור","TM":"טורקמניסטן","TN":"טוניס","TO":"טונגה","TR":"טורקיה","TT":"טרינידד וטובגו","TV":"טובאלו","TW":"טייוואן","TZ":"טנזניה","UA":"אוקראינה","UG":"אוגנדה","UM":"האיים המרוחקים הקטנים של ארצות הברית","US":"ארצות הברית","UY":"אורוגוואי","UZ":"אוזבקיסטן","VA":"קריית הוותיקן","VC":"סנט וינסנט והגרנדינים","VE":"ונצואלה","VG":"איי הבתולה הבריטים","VI":"איי הבתולה של ארצות הברית","VN":"וויאטנם","VU":"ונואטו","WF":"ואליס ופוטונה","WS":"סמואה","YE":"תימן","YT":"מיוט","ZA":"דרום אפריקה","ZM":"זמביה","ZW":"זימבבואה"}