{"chooseTimeZone":"เลือกโซนเวลา","offsetPlaceholder":"ค้นหาตามเมือง ภูมิภาค หรือออฟเซ็ต","regionPlaceholder":"ค้นหาตามเมือง ประเทศ ภูมิภาค หรือออฟเซ็ต","namePlaceholder":"ค้นหาตามโซนเวลา","timeZoneLabel":"({offset}) {cities}","timeZoneRegionLabel":"{city}, {country}","Africa/Abidjan":"อาบีจาน","Africa/Algiers":"แอลเจียร์","Africa/Bissau":"บิสเซา","Africa/Cairo":"ไคโร","Africa/Casablanca":"คาซาบลังกา","Africa/Ceuta":"เซวตา","Africa/El_Aaiun":"เอลเออุน","Africa/Johannesburg":"โยฮันเนสเบิร์ก","Africa/Juba":"จูบา","Africa/Khartoum":"คาร์ทูม","Africa/Lagos":"เลกอส","Africa/Maputo":"มาปูโต","Africa/Monrovia":"มอนโรเวีย","Africa/Nairobi":"ไนโรบี","Africa/Ndjamena":"เอ็นจาเมนา","Africa/Sao_Tome":"เซา ตูเม","Africa/Tripoli":"ทรีโพลี","Africa/Tunis":"ตูนิส","Africa/Windhoek":"วินด์ฮุก","America/Adak":"อาดัก","America/Anchorage":"อันคอเรจ","America/Araguaina":"อรากูไอนา","America/Argentina/Buenos_Aires":"บัวโนสไอเรส","America/Argentina/Catamarca":"กาตามาร์กา","America/Argentina/Cordoba":"คอร์โดบา","America/Argentina/Jujuy":"ฆูฆุย","America/Argentina/La_Rioja":"ลาริโอฆา","America/Argentina/Mendoza":"เมนโดซา","America/Argentina/Rio_Gallegos":"รีโอ กัลเลกอส","America/Argentina/Salta":"ซัลตา","America/Argentina/San_Juan":"ซานฮวน","America/Argentina/San_Luis":"ซานลุยส์","America/Argentina/Tucuman":"ตูกูมัน","America/Argentina/Ushuaia":"อูชัวเอ","America/Asuncion":"อาซุนซิออง","America/Bahia":"บาเอีย","America/Bahia_Banderas":"บาเอีย เดอ บานดีแรส","America/Barbados":"บาร์บาดอส","America/Belem":"เบเลม","America/Belize":"เบลีซ","America/Boa_Vista":"โบอาวิชตา","America/Bogota":"โบโกตา","America/Boise":"บอยซี","America/Cambridge_Bay":"แคมบริดจ์ เบย์","America/Campo_Grande":"คัมโพ แกรนเด","America/Cancun":"คันคุน","America/Caracas":"คาราคาส","America/Cayenne":"คาเยนเน","America/Chicago":"ชิคาโก","America/Chihuahua":"ชีวาวา","America/Ciudad_Juarez":"ซีอูอัด ฮัวเรซ","America/Costa_Rica":"คอสตาริกา","America/Cuiaba":"กุยาบา","America/Danmarkshavn":"ดันมาร์คชาฟ","America/Dawson":"ดอว์สัน","America/Dawson_Creek":"ดอว์สัน ครีก","America/Denver":"เดนเวอร์","America/Detroit":"ดีทรอยท์","America/Edmonton":"เอดมันตัน","America/Eirunepe":"เอยรูเนเป","America/El_Salvador":"เอลซัลวาดอร์","America/Fort_Nelson":"ฟอร์ท เนลสัน","America/Fortaleza":"ฟอร์ทาเลซา","America/Glace_Bay":"เกลซ เบย์","America/Goose_Bay":"กูซเบย์","America/Grand_Turk":"แกรนด์เติร์ก","America/Guatemala":"กัวเตมาลา","America/Guayaquil":"กัวยาควิล","America/Guyana":"กายอานา","America/Halifax":"ฮาลิแฟกซ์","America/Havana":"ฮาวานา","America/Hermosillo":"เฮอร์โมซิลโล","America/Indiana/Indianapolis":"อินเดียนาโพลิส","America/Indiana/Knox":"น็อกซ์","America/Indiana/Marengo":"มาเร็นโก้","America/Indiana/Petersburg":"ปีเตอร์สเบิร์ก","America/Indiana/Tell_City":"เทลซิตี้","America/Indiana/Vevay":"วีเวย์","America/Indiana/Vincennes":"วินเซนเนส","America/Indiana/Winamac":"ไวนาแมค","America/Inuvik":"อินูวิค","America/Iqaluit":"อิคาลูอิท","America/Jamaica":"จาไมกา","America/Juneau":"จูโน","America/Kentucky/Louisville":"ลูอิสวิลล์","America/Kentucky/Monticello":"มอนติเซลโล","America/La_Paz":"ลาปาซ","America/Lima":"ลิมา","America/Los_Angeles":"ลอส แองเจลิส","America/Maceio":"มาเซโอ","America/Managua":"มานากัว","America/Manaus":"มานาอุส","America/Martinique":"มาร์ตีนิก","America/Matamoros":"มาทาโมรอส","America/Mazatlan":"มาซัทลัน","America/Menominee":"เมโนมินี","America/Merida":"เมรีดา","America/Metlakatla":"เมทลากาตละ","America/Mexico_City":"เม็กซิโก ซิตี","America/Miquelon":"มีเกอลง","America/Moncton":"มองค์ตัน","America/Monterrey":"มอนท์เทอร์เรย์","America/Montevideo":"มอนเตวิเด","America/New_York":"นิวยอร์ก","America/Nome":"โนม","America/Noronha":"โนรอนฮา","America/North_Dakota/Beulah":"บูลาห์","America/North_Dakota/Center":"ศูนย์กลาง","America/North_Dakota/New_Salem":"นิวซาเลม","America/Nuuk":"นูอุค","America/Ojinaga":"โอจินากา","America/Panama":"ปานามา","America/Paramaribo":"ปารามารีโบ","America/Phoenix":"ฟินิกส์","America/Port-au-Prince":"พอร์ต-ออ-พรินซ์","America/Porto_Velho":"พอร์โต เวโล","America/Puerto_Rico":"เปอร์โตริโก","America/Punta_Arenas":"พุนทา อารีนาส","America/Rankin_Inlet":"รันคิน อินเล็ท","America/Recife":"เรซีเฟ","America/Regina":"เรจินา","America/Resolute":"เรโซลูท","America/Rio_Branco":"รีโอ บรังโก","America/Santarem":"ซานทาเรม","America/Santiago":"ซานทีอาโก","America/Santo_Domingo":"ซานโตโดมิงโก","America/Sao_Paulo":"เซา เปาโล","America/Scoresbysund":"สคอเรสบีซุนด์","America/Sitka":"ซิตกา","America/St_Johns":"เซนต์ จอห์นส์","America/Swift_Current":"สวิฟท์ เคอร์เรนท์","America/Tegucigalpa":"เทกูซิกัลปา","America/Thule":"ธูเล","America/Tijuana":"ทีฮัวนา","America/Toronto":"โทรอนโต","America/Vancouver":"แวนคูเวอร์","America/Whitehorse":"ไวท์ฮอร์ส","America/Winnipeg":"วินนิเพค","America/Yakutat":"ยาคูทัต","Antarctica/Casey":"เคซีย์","Antarctica/Davis":"เดวิส","Antarctica/Macquarie":"แมคควอรี","Antarctica/Mawson":"มอว์สัน","Antarctica/Palmer":"ปาล์มเมอร์","Antarctica/Rothera":"โรเธรา","Antarctica/Troll":"ทรอล","Asia/Almaty":"อัลมาตี","Asia/Amman":"อัมมาน","Asia/Anadyr":"อนาดีร์","Asia/Aqtau":"อัคตาอู","Asia/Aqtobe":"อัคโทบี","Asia/Ashgabat":"อัชกาบัท","Asia/Atyrau":"อาทีรอ","Asia/Baghdad":"แบกแดด","Asia/Baku":"บากู","Asia/Bangkok":"กรุงเทพฯ","Asia/Barnaul":"บาร์นาอุล","Asia/Beirut":"เบรุต","Asia/Bishkek":"บิชเคก","Asia/Chita":"ชิทา","Asia/Choibalsan":"ชอยบัลซาน","Asia/Colombo":"โคลอมโบ","Asia/Damascus":"ดามัสกัส","Asia/Dhaka":"ธากา","Asia/Dili":"ดิลี","Asia/Dubai":"ดูไบ","Asia/Dushanbe":"ดูชานเบ","Asia/Famagusta":"ฟามากุสตา","Asia/Gaza":"กาซา","Asia/Hebron":"ฮีบรอน","Asia/Ho_Chi_Minh":"โฮ จิ มินห์ ซิตี","Asia/Hong_Kong":"ฮ่องกง","Asia/Hovd":"อุฟส์","Asia/Irkutsk":"อีร์คุตส","Asia/Jakarta":"จาคาร์ทา","Asia/Jayapura":"จายาปุระ","Asia/Jerusalem":"เยรูซาเล็ม","Asia/Kabul":"คาบุล","Asia/Kamchatka":"คัมชัทคา","Asia/Karachi":"คาราจี","Asia/Kathmandu":"กาฐมาณฑุ","Asia/Khandyga":"คฮานดีกา","Asia/Kolkata":"คอลฮาทา","Asia/Krasnoyarsk":"ครัสโนยา","Asia/Kuching":"คูชิง","Asia/Macau":"มาเก๊า","Asia/Magadan":"มากาดาน","Asia/Makassar":"มาคัสซาร์","Asia/Manila":"มานิลา","Asia/Nicosia":"นีโคเซีย","Asia/Novokuznetsk":"โนโวคุซเนทสค์","Asia/Novosibirsk":"โนโวซีบีสค์","Asia/Omsk":"ออมสค์","Asia/Oral":"โอรัล","Asia/Pontianak":"พอนทีอานัค","Asia/Pyongyang":"เปียงยาง","Asia/Qatar":"กาตาร์","Asia/Qostanay":"คอสตาไน","Asia/Qyzylorda":"ซีร์ดาร์ยา","Asia/Riyadh":"รียาดห์","Asia/Sakhalin":"ซาคาลิน","Asia/Samarkand":"ซามาร์คันด์","Asia/Seoul":"โซล","Asia/Shanghai":"เซี่ยงไฮ้","Asia/Singapore":"สิงคโปร์","Asia/Srednekolymsk":"สเรดเนโคลิมสค์","Asia/Taipei":"ไทเป","Asia/Tashkent":"ทาชเคนต์","Asia/Tbilisi":"ทบิลิซี","Asia/Tehran":"เตห์ราน","Asia/Thimphu":"ทิมพู","Asia/Tokyo":"โตเกียว","Asia/Tomsk":"ทอมสค์","Asia/Ulaanbaatar":"อูลานบาตอร์","Asia/Urumqi":"อุรุมชี","Asia/Ust-Nera":"อูซท์-นีรา","Asia/Vladivostok":"วลาดีวอสตอค","Asia/Yakutsk":"ยาคุตสค์","Asia/Yangon":"ย่างกุ้ง","Asia/Yekaterinburg":"เยคาเทรินเบิร์ก","Asia/Yerevan":"เยเรวาน","Atlantic/Azores":"อะซอเรส","Atlantic/Bermuda":"เบอร์มิวดา","Atlantic/Canary":"คานารี","Atlantic/Cape_Verde":"เคปเวิร์ด","Atlantic/Faroe":"หมู่เกาะแฟโร","Atlantic/Madeira":"มาเดรา","Atlantic/South_Georgia":"เซาท์จอร์เจีย","Atlantic/Stanley":"สแตนเลย์","Australia/Adelaide":"แอดิเลด","Australia/Brisbane":"บริสเบน","Australia/Broken_Hill":"โบรเคนฮิลล์","Australia/Darwin":"ดาร์วิน","Australia/Eucla":"ยุคลา","Australia/Hobart":"โฮบาร์ต","Australia/Lindeman":"ลินเดอแมน","Australia/Lord_Howe":"ลอร์ดฮาว","Australia/Melbourne":"เมลเบิร์น","Australia/Perth":"เพิร์ธ","Australia/Sydney":"ซิดนีย์","Etc/GMT":"GMT","Etc/GMT+1":"GMT-1","Etc/GMT+10":"GMT-10","Etc/GMT+11":"GMT-11","Etc/GMT+12":"GMT-12","Etc/GMT+2":"GMT-2","Etc/GMT+3":"GMT-3","Etc/GMT+4":"GMT-4","Etc/GMT+5":"GMT-5","Etc/GMT+6":"GMT-6","Etc/GMT+7":"GMT-7","Etc/GMT+8":"GMT-8","Etc/GMT+9":"GMT-9","Etc/GMT-1":"GMT+1","Etc/GMT-10":"GMT+10","Etc/GMT-11":"GMT+11","Etc/GMT-12":"GMT+12","Etc/GMT-13":"GMT+13","Etc/GMT-14":"GMT+14","Etc/GMT-2":"GMT+2","Etc/GMT-3":"GMT+3","Etc/GMT-4":"GMT+4","Etc/GMT-5":"GMT+5","Etc/GMT-6":"GMT+6","Etc/GMT-7":"GMT+7","Etc/GMT-8":"GMT+8","Etc/GMT-9":"GMT+9","Etc/UTC":"เวลาสากลเชิงพิกัด (UTC)","Europe/Andorra":"อันดอร์รา","Europe/Astrakhan":"อัสทราคฮาน","Europe/Athens":"เอเธนส์","Europe/Belgrade":"เบลเกรด","Europe/Berlin":"เบอร์ลิน","Europe/Brussels":"บรัสเซลส์","Europe/Bucharest":"บูคาเรสท์","Europe/Budapest":"บูดาเปสต์","Europe/Chisinau":"คีชีเนา","Europe/Dublin":"ดับลิน","Europe/Gibraltar":"ยิบรอลต้าร์","Europe/Helsinki":"เฮลซิงกิ","Europe/Istanbul":"อิสตันบูล","Europe/Kaliningrad":"คาลินินกราด","Europe/Kirov":"คีรอฟ","Europe/Kyiv":"เคียฟ","Europe/Lisbon":"ลิสบอน","Europe/London":"ลอนดอน","Europe/Madrid":"มาดริด","Europe/Malta":"มัลตา","Europe/Minsk":"มินสค์","Europe/Moscow":"มอสโคว์","Europe/Paris":"ปารีส","Europe/Prague":"ปราก","Europe/Riga":"ไรกา","Europe/Rome":"โรม","Europe/Samara":"ซามารา","Europe/Saratov":"ซาราทอฟ","Europe/Simferopol":"ซิมเฟโรพอล","Europe/Sofia":"โซเฟีย","Europe/Tallinn":"ทัลลินน์","Europe/Tirane":"ติรานา","Europe/Ulyanovsk":"อุลยานอฟสค์","Europe/Vienna":"เวียนนา","Europe/Vilnius":"วิลนีอุส","Europe/Volgograd":"วอลโกกราด","Europe/Warsaw":"วอร์ซอว์","Europe/Zurich":"ซูริช","Factory":"เวลาเริ่มต้นของระบบ","Indian/Chagos":"ชากอส","Indian/Maldives":"มัลดีฟส์","Indian/Mauritius":"มอริเชียส","Pacific/Apia":"อาเพีย","Pacific/Auckland":"อัคแลนด์","Pacific/Bougainville":"บูแก็งวิลล์","Pacific/Chatham":"ชัทแฮม","Pacific/Easter":"อีสเตอร์","Pacific/Efate":"เอฟาเต","Pacific/Fakaofo":"ไฟเคาโฟ","Pacific/Fiji":"ฟิจิ","Pacific/Galapagos":"กาลาปากอส","Pacific/Gambier":"แกมเบียร์","Pacific/Guadalcanal":"กัวดาลคานาล","Pacific/Guam":"กวม","Pacific/Honolulu":"โฮโนลูลู","Pacific/Kanton":"แคนตัน","Pacific/Kiritimati":"คิรีทีมาที","Pacific/Kosrae":"คอสไร","Pacific/Kwajalein":"ควาจาเลอิน","Pacific/Marquesas":"มาร์เคซาส","Pacific/Nauru":"นาอูรู","Pacific/Niue":"นีอูเอ","Pacific/Norfolk":"เกาะนอร์ฟอล์ก ออสเตรเลีย","Pacific/Noumea":"นิวเมีย","Pacific/Pago_Pago":"ปาโก ปาโก","Pacific/Palau":"ปาเลา","Pacific/Pitcairn":"หมู่เกาะพิตแคร์น อังกฤษ","Pacific/Port_Moresby":"พอร์ท โพเรสบี","Pacific/Rarotonga":"ราโรทองกา","Pacific/Tahiti":"ตาฮีตี","Pacific/Tarawa":"ทาราวา","Pacific/Tongatapu":"โตงาตาปู","Africa":"แอฟริกา","America":"อเมริกา","Antarctica":"ขั้วโลกใต้","Arctic":"อาร์คติก","Asia":"เอเซีย","Atlantic":"แอตแลนติก","Australia":"ออสเตรเลีย","Europe":"ยุโรป","Global":"โกลบอล","Indian":"อินเดียน","Pacific":"แปซิฟิก","AD":"อันดอร์รา","AE":"สหรัฐอาหรับเอมิเรตส์","AF":"อัฟกานิสถาน","AG":"แอนติกาและบาร์บูดา","AI":"แองกวิลลา","AL":"อัลเบเนีย","AM":"อาร์เมเนีย","AO":"แองโกลา","AQ":"ขั้วโลกใต้","AR":"อาร์เจนตินา","AS":"อเมริกันซามัว","AT":"ออสเตรีย","AU":"ออสเตรเลีย","AW":"อารูบา","AX":"หมู่เกาะโอลันด์","AZ":"อาเซอร์ไบจาน","BA":"บอสเนียและเฮอร์เซโกวีนา","BB":"บาร์บาดอส","BD":"บังกลาเทศ","BE":"เบลเยียม","BF":"บูร์กินาฟาโซ","BG":"บัลแกเรีย","BH":"บาห์เรน","BI":"บุรุนดี","BJ":"เบนิน","BL":"เซนต์บาร์เธเลมี","BM":"เบอร์มิวดา","BN":"บรูไน","BO":"โบลิเวีย","BQ":"โบแนร์ ซินต์เอิสตาซียึส และซาบา","BR":"บราซิล","BS":"บาฮามาส","BT":"ภูฏาน","BV":"เกาะบูเวต์ นอร์เวย์","BW":"บอทสวานา","BY":"เบลารุส","BZ":"เบลีซ","CA":"แคนาดา","CC":"หมู่เกาะโคโคส (คีลิง) ออสเตรเลีย","CD":"สาธารณรัฐประชาธิปไตยคองโก","CF":"สาธารณัฐแอฟริกากลาง","CG":"สาธารณรัฐคองโก","CH":"สวิสเซอร์แลนด์","CI":"โกตดิวัวร์","CK":"หมู่เกาะคุก","CL":"ชิลี","CM":"แคเมอรูน","CN":"จีน","CO":"โคลัมเบีย","CR":"คอสตาริกา","CU":"คิวบา","CV":"เคปเวิร์ด","CW":"คูราเซา","CX":"เกาะคริสต์มาส อังกฤษ","CY":"ไซปรัส","CZ":"สาธารณรัฐเช็ก","DE":"เยอรมัน","DJ":"จิบูตี","DK":"เดนมาร์ค","DM":"โดมินิกา","DO":"สาธารณรัฐโดมินิกัน","DZ":"แอลจีเรีย","EC":"เอกวาดอร์","EE":"เอสโตเนีย","EG":"อิยิปต์","EH":"เวสเทิร์นสะฮารา","ER":"เอริเทรีย","ES":"สเปน","ET":"เอธิโอเปีย","FI":"ฟินแลนด์","FJ":"ฟิจิ","FK":"หมู่เกาะฟอล์กแลนด์","FM":"ไมโครนีเซีย","FO":"หมู่เกาะแฟโร","FR":"ฝรั่งเศส","GA":"กาบอง","GB":"สหราชอาณาจักร","GD":"เกรนาดา","GE":"จอร์เจีย","GF":"เฟรนช์เกียนา","GG":"เกิร์นซีย์","GH":"กานา","GI":"ยิบรอลต้าร์","GL":"กรีนแลนด์","GM":"แกมเบีย","GN":"กินี","GP":"กัวเดอลุป","GQ":"อิเควทอเรียลกินี","GR":"กรีซ","GS":"เกาะเซาท์จอร์เจียและหมู่เกาะเซาท์แซนวิช","GT":"กัวเตมาลา","GU":"กวม","GW":"กินี-บิสเซา","GY":"กายอานา","HK":"ฮ่องกง","HM":"เกาะเฮิร์ดและหมู่เกาะแมกดอนัลด์ ออสเตรเลีย","HN":"ฮอนดูรัส","HR":"โครเอเชีย","HT":"เฮติ","HU":"ฮังการี","ID":"อินโดนีเซีย","IE":"ไอร์แลนด์","IL":"อิสราเอล","IM":"เกาะแมน","IN":"อินเดีย","IO":"บริติชอินเดียนโอเชียนเทร์ริทอรี","IQ":"อิรัก","IR":"อิหร่าน","IS":"ไอซ์แลนด์","IT":"อิตาลี","JE":"เจอร์ซีย์","JM":"จาไมกา","JO":"จอร์แดน","JP":"ญี่ปุ่น","KE":"เคนย่า","KG":"คีร์กีซสถาน","KH":"กัมพูชา","KI":"คิริบาส","KM":"คอโมโรส","KN":"เซนต์คิตส์และเนวิส","KP":"เกาหลีเหนือ","KR":"เกาหลีใต้","KW":"คูเวต","KY":"หมู่เกาะเคย์แมน","KZ":"คาซัคสถาน","LA":"ลาว","LB":"เลบานอน","LC":"เซนต์ลูเซีย","LI":"ลิกเตนสไตน์","LK":"ศรีลังกา","LR":"ไลบีเรีย","LS":"เลโซโท","LT":"ลิธัวเนีย","LU":"ลักเซมเบิร์ก","LV":"ลัตเวีย","LY":"ลิเบีย","MA":"โมร็อกโก","MC":"โมนาโค","MD":"มอลโดวา","ME":"มอนเทนาโกร","MF":"เซนต์มาร์ติน","MG":"มาดากัสการ์","MH":"หมู่เกาะมาร์แชล","MK":"มาซีโดเนียเหนือ","ML":"มาลี","MM":"สาธารณรัฐแห่งสหภาพเมียนมาร์","MN":"มองโกเลีย","MO":"มาเก๊า","MP":"หมู่เกาะนอร์เทิร์นมาเรียนา","MQ":"มาร์ตีนิก","MR":"มอริเตเนีย","MS":"มอนต์เซอร์รัต","MT":"มัลตา","MU":"มอริเชียส","MV":"มัลดีฟส์","MW":"มาลาวี","MX":"เม็กซิโก","MY":"มาเลเซีย","MZ":"โมซัมบิค","NA":"นามิเบีย","NC":"นิวแคลิโดเนีย","NE":"ไนเจอร์","NF":"เกาะนอร์ฟอล์ก ออสเตรเลีย","NG":"ไนจีเรีย","NI":"นิคารากัว","NL":"เนเธอร์แลนด์","NO":"นอร์เวย์","NP":"เนปาล","NR":"นาอูรู","NU":"นีอูเอ","NZ":"นิวซีแลนด์","OM":"โอมาน","PA":"ปานามา","PE":"เปรู","PF":"เฟรนช์โปลินีเซีย","PG":"ปาปัวนิวกินี","PH":"ฟิลิปปินส์","PK":"ปากีสถาน","PL":"โปแลนด์","PM":"เกาะแซง-ปีแยร์ และเกาะมีเกอลง ฝรั่งเศส","PN":"หมู่เกาะพิตแคร์น","PR":"เปอร์โตริโก","PS":"ปาเลสไตน์","PT":"โปรตุเกส","PW":"ปาเลา","PY":"ปารากวัย","QA":"กาตาร์","RE":"เรอูว์นียง","RO":"โรมาเนีย","RS":"เซอร์เบีย","RU":"รัสเซีย","RW":"รวันดา","SA":"ซาอุดิอาระเบีย","SB":"หมู่เกาะโซโลมอน","SC":"เซเชลส์","SD":"ซูดาน","SE":"คนสวีเดน","SG":"สิงคโปร์","SH":"เซนต์เฮเลนา","SI":"สโลวีเนีย","SJ":"สฟาลบาร์และยานไมเอน นอร์เวย์","SK":"สโลวเกีย","SL":"เซียร์ราลีโอน","SM":"ซานมาริโน","SN":"เซเนกัล","SO":"โซมาเลีย","SR":"ซูรินาเม","SS":"สาธารณรัฐเซาท์ซูดาน","ST":"เซาตูเมและปรินซิปี","SV":"เอลซัลวาดอร์","SX":"ซินต์มาร์เติน","SY":"ซีเรีย","SZ":"เอสวาตีนี","TC":"หมู่เกาะเติกส์และหมู่เกาะเคคอส","TD":"ชาด","TF":"แคว้นเฟรนช์เกียนา ฝรั่งเศส","TG":"โตโก","TH":"ไทย","TJ":"ทาจิกิสถาน","TK":"โตเกเลา","TL":"สาธารณรัฐประชาธิปไตยติมอร์-เลสเต","TM":"เติร์กเมนิสถาน","TN":"ตูนิเซีย","TO":"ตองกา","TR":"ตุรกี","TT":"ตรินิแดดและ","TV":"ตูวาลู","TW":"ไต้หวัน","TZ":"แทนซาเนีย","UA":"ยูเครน","UG":"ยูกันดา","UM":"เกาะเล็กรอบนอกของสหรัฐอเมริกา","US":"สหรัฐอเมริกา","UY":"อุรุกวัย","UZ":"อุซเบกิซสถาน","VA":"นครรัฐวาติกัน","VC":"เซนต์วินเซนต์และเกรนาดีสน์","VE":"เวเนซูเอลา","VG":"หมู่เกาะบริติชเวอร์จิน","VI":"หมู่เกาะเวอร์จินสหรัฐอเมริกา","VN":"เวียตนาม","VU":"วานูอาตู","WF":"วาลลิสและฟุตูนา","WS":"ซามัว","YE":"เยเมน","YT":"มายอต","ZA":"แอฟริกาใต้","ZM":"แซมเบีย","ZW":"ซิมบับเว"}