{"chooseTimeZone":"タイム ゾーンを選択します。","offsetPlaceholder":"都市、地区、オフセットで検索","regionPlaceholder":"都市、国、地区、オフセットで検索","namePlaceholder":"タイムゾーンで検索","timeZoneLabel":"({offset}) {cities}","timeZoneRegionLabel":"{city}、{country}","Africa/Abidjan":"アビジャン","Africa/Algiers":"アルジェ","Africa/Bissau":"ビサウ","Africa/Cairo":"カイロ","Africa/Casablanca":"カサブランカ","Africa/Ceuta":"セウタ","Africa/El_Aaiun":"アイウン","Africa/Johannesburg":"ヨハネスブルグ","Africa/Juba":"ジュバ","Africa/Khartoum":"ハルツーム","Africa/Lagos":"ラゴス","Africa/Maputo":"マプト","Africa/Monrovia":"モンロービア","Africa/Nairobi":"ナイロビ","Africa/Ndjamena":"ンジャメナ","Africa/Sao_Tome":"サントメ","Africa/Tripoli":"トリポリ","Africa/Tunis":"チュニス","Africa/Windhoek":"ウィントフック","America/Adak":"アダック","America/Anchorage":"アンカレッジ","America/Araguaina":"アラグァイーナ","America/Argentina/Buenos_Aires":"ブエノスアイレス","America/Argentina/Catamarca":"カタマルカ","America/Argentina/Cordoba":"コルドバ","America/Argentina/Jujuy":"フフイ","America/Argentina/La_Rioja":"ラ・リオハ","America/Argentina/Mendoza":"メンドーサ","America/Argentina/Rio_Gallegos":"リオ ガジェゴス","America/Argentina/Salta":"サルタ","America/Argentina/San_Juan":"サンフアン","America/Argentina/San_Luis":"サン ルイス","America/Argentina/Tucuman":"トゥクマン","America/Argentina/Ushuaia":"ウシュアイア","America/Asuncion":"アスンシオン","America/Bahia":"バイーア","America/Bahia_Banderas":"バイーア デ バンデラス","America/Barbados":"バルバドス","America/Belem":"ベレン","America/Belize":"ベリーズ","America/Boa_Vista":"ボア ヴィスタ","America/Bogota":"ボゴタ","America/Boise":"ボイシ","America/Cambridge_Bay":"ケンブリッジ・ベイ","America/Campo_Grande":"カンポ グランデ","America/Cancun":"カンクン","America/Caracas":"カラカス","America/Cayenne":"カイエンヌ","America/Chicago":"シカゴ","America/Chihuahua":"チワワ","America/Ciudad_Juarez":"シウダードフアレス","America/Costa_Rica":"コスタリカ","America/Cuiaba":"クイアバ","America/Danmarkshavn":"デンマークシャウン","America/Dawson":"ドーソン","America/Dawson_Creek":"ドーソン・クリーク","America/Denver":"デンバー","America/Detroit":"デトロイト","America/Edmonton":"エドモントン","America/Eirunepe":"エイルネペ","America/El_Salvador":"エルサルバドル","America/Fort_Nelson":"フォート・ネルソン","America/Fortaleza":"フォルタレザ","America/Glace_Bay":"グレス ベイ","America/Goose_Bay":"グースベイ","America/Grand_Turk":"グランド・ターク","America/Guatemala":"グアテマラ","America/Guayaquil":"グアヤキル","America/Guyana":"ガイアナ","America/Halifax":"ハリファックス","America/Havana":"ハバナ","America/Hermosillo":"エルモシージョ","America/Indiana/Indianapolis":"インディアナポリス","America/Indiana/Knox":"ノックス","America/Indiana/Marengo":"マレンゴ","America/Indiana/Petersburg":"ピーターズバーグ","America/Indiana/Tell_City":"テルシティ","America/Indiana/Vevay":"ベベイ","America/Indiana/Vincennes":"ビンセンズ","America/Indiana/Winamac":"ウィナマク","America/Inuvik":"イヌヴィック","America/Iqaluit":"イカルイト","America/Jamaica":"ジャマイカ","America/Juneau":"ジュノー","America/Kentucky/Louisville":"ルイビル","America/Kentucky/Monticello":"モンティチェロ","America/La_Paz":"ラパス","America/Lima":"リマ","America/Los_Angeles":"ロサンゼルス","America/Maceio":"マセイオ","America/Managua":"マナグア","America/Manaus":"マナウス","America/Martinique":"マルティニク","America/Matamoros":"マタモロス","America/Mazatlan":"マサトラン","America/Menominee":"メノミニー","America/Merida":"メリダ","America/Metlakatla":"メトラカットラ","America/Mexico_City":"メキシコシティ","America/Miquelon":"ミクロン","America/Moncton":"モンクトン","America/Monterrey":"モンテレイ","America/Montevideo":"モンテビデオ","America/New_York":"ニューヨーク","America/Nome":"ノーム","America/Noronha":"ノローニャ","America/North_Dakota/Beulah":"ビューラー","America/North_Dakota/Center":"中央","America/North_Dakota/New_Salem":"ニューセーラム","America/Nuuk":"ヌーク","America/Ojinaga":"オヒナガ","America/Panama":"パナマ","America/Paramaribo":"パラマリボ","America/Phoenix":"フェニックス","America/Port-au-Prince":"ポルトープランス","America/Porto_Velho":"ポルト ヴェーリョ","America/Puerto_Rico":"プエルトリコ","America/Punta_Arenas":"プンタ アレーナス","America/Rankin_Inlet":"ランキン・インレット","America/Recife":"レシフェ","America/Regina":"レジャイナ","America/Resolute":"リゾルート","America/Rio_Branco":"リオブランコ","America/Santarem":"サンタレン","America/Santiago":"サンティアゴ","America/Santo_Domingo":"サントドミンゴ","America/Sao_Paulo":"サンパウロ","America/Scoresbysund":"スコルスビーソンド","America/Sitka":"シトカ","America/St_Johns":"セント・ジョンズ","America/Swift_Current":"ウィフト・カレント","America/Tegucigalpa":"テグシガルパ","America/Thule":"スーリー","America/Tijuana":"ティフアナ","America/Toronto":"トロント","America/Vancouver":"バンクーバー","America/Whitehorse":"ホワイトホース","America/Winnipeg":"ウィニペグ","America/Yakutat":"ヤクタト","Antarctica/Casey":"ケーシー","Antarctica/Davis":"デイビス","Antarctica/Macquarie":"マッコーリー","Antarctica/Mawson":"モーソン","Antarctica/Palmer":"パーマー","Antarctica/Rothera":"ロゼラ","Antarctica/Troll":"トロール","Asia/Almaty":"アルマトイ","Asia/Amman":"アンマン","Asia/Anadyr":"アナディリ","Asia/Aqtau":"アクタウ","Asia/Aqtobe":"アクトベ","Asia/Ashgabat":"アシガバート","Asia/Atyrau":"アティラウ","Asia/Baghdad":"バグダード","Asia/Baku":"バクー","Asia/Bangkok":"バンコク","Asia/Barnaul":"バルナウル","Asia/Beirut":"ベイルート","Asia/Bishkek":"ビシュケク","Asia/Chita":"チタ","Asia/Choibalsan":"チョイバルサン","Asia/Colombo":"コロンボ","Asia/Damascus":"ダマスカス","Asia/Dhaka":"ダッカ","Asia/Dili":"ディリ","Asia/Dubai":"ドバイ","Asia/Dushanbe":"ドゥシャンベ","Asia/Famagusta":"ファマグスタ","Asia/Gaza":"ガザ","Asia/Hebron":"ヘブロン","Asia/Ho_Chi_Minh":"ホーチミン市","Asia/Hong_Kong":"香港","Asia/Hovd":"ホブド","Asia/Irkutsk":"イルクーツク","Asia/Jakarta":"ジャカルタ","Asia/Jayapura":"ジャヤプラ","Asia/Jerusalem":"エルサレム","Asia/Kabul":"カブール","Asia/Kamchatka":"カムチャッカ","Asia/Karachi":"カラチ","Asia/Kathmandu":"カトマンズ","Asia/Khandyga":"ハンドゥイガ","Asia/Kolkata":"コルカタ","Asia/Krasnoyarsk":"クラスノヤルスク","Asia/Kuching":"クチン","Asia/Macau":"マカオ","Asia/Magadan":"マガダン","Asia/Makassar":"マカッサル","Asia/Manila":"マニラ","Asia/Nicosia":"ニコシア","Asia/Novokuznetsk":"ノボクズネツク","Asia/Novosibirsk":"ノヴォシビルスク","Asia/Omsk":"オムスク","Asia/Oral":"オラル","Asia/Pontianak":"ポンティアナック","Asia/Pyongyang":"平壌","Asia/Qatar":"カタール","Asia/Qostanay":"コスタナイ","Asia/Qyzylorda":"クズロルダ","Asia/Riyadh":"リヤド","Asia/Sakhalin":"サハリン","Asia/Samarkand":"サマルカンド","Asia/Seoul":"ソウル","Asia/Shanghai":"上海","Asia/Singapore":"シンガポール","Asia/Srednekolymsk":"スレドネコリムスク","Asia/Taipei":"台北","Asia/Tashkent":"タシケント","Asia/Tbilisi":"トビリシ","Asia/Tehran":"テヘラン","Asia/Thimphu":"ティンプー","Asia/Tokyo":"東京","Asia/Tomsk":"トムスク","Asia/Ulaanbaatar":"ウランバートル","Asia/Urumqi":"ウルムチ","Asia/Ust-Nera":"ウスチ ネラ","Asia/Vladivostok":"ウラジオストク","Asia/Yakutsk":"ヤクーツク","Asia/Yangon":"ヤンゴン","Asia/Yekaterinburg":"エカテリンブルク","Asia/Yerevan":"エレバン","Atlantic/Azores":"アゾレス諸島","Atlantic/Bermuda":"バミューダ","Atlantic/Canary":"カナリア","Atlantic/Cape_Verde":"カーボベルデ","Atlantic/Faroe":"フェロー諸島","Atlantic/Madeira":"マディラ諸島","Atlantic/South_Georgia":"サウス ジョージア島","Atlantic/Stanley":"スタンレー","Australia/Adelaide":"アデレード","Australia/Brisbane":"ブリスベン","Australia/Broken_Hill":"ブロークンヒル","Australia/Darwin":"ダーウィン","Australia/Eucla":"ユークラ","Australia/Hobart":"ホバート","Australia/Lindeman":"リンデマン","Australia/Lord_Howe":"ロード ハウ","Australia/Melbourne":"メルボルン","Australia/Perth":"パース","Australia/Sydney":"シドニー","Etc/GMT":"GMT","Etc/GMT+1":"GMT-1","Etc/GMT+10":"GMT-10","Etc/GMT+11":"GMT-11","Etc/GMT+12":"GMT-12","Etc/GMT+2":"GMT-2","Etc/GMT+3":"GMT-3","Etc/GMT+4":"GMT-4","Etc/GMT+5":"GMT-5","Etc/GMT+6":"GMT-6","Etc/GMT+7":"GMT-7","Etc/GMT+8":"GMT-8","Etc/GMT+9":"GMT-9","Etc/GMT-1":"GMT+1","Etc/GMT-10":"GMT+10","Etc/GMT-11":"GMT+11","Etc/GMT-12":"GMT+12","Etc/GMT-13":"GMT+13","Etc/GMT-14":"GMT+14","Etc/GMT-2":"GMT+2","Etc/GMT-3":"GMT+3","Etc/GMT-4":"GMT+4","Etc/GMT-5":"GMT+5","Etc/GMT-6":"GMT+6","Etc/GMT-7":"GMT+7","Etc/GMT-8":"GMT+8","Etc/GMT-9":"GMT+9","Etc/UTC":"協定世界時 (UTC)","Europe/Andorra":"アンドラ","Europe/Astrakhan":"アストラハンカ","Europe/Athens":"アテネ","Europe/Belgrade":"ベオグラード","Europe/Berlin":"ベルリン","Europe/Brussels":"ブリュッセル","Europe/Bucharest":"ブカレスト","Europe/Budapest":"ブダペスト","Europe/Chisinau":"キシナウ","Europe/Dublin":"ダブリン","Europe/Gibraltar":"ジブラルタル","Europe/Helsinki":"ヘルシンキ","Europe/Istanbul":"イスタンブール","Europe/Kaliningrad":"カリーニングラード","Europe/Kirov":"キーロフ","Europe/Kyiv":"キーウ","Europe/Lisbon":"リスボン","Europe/London":"ロンドン","Europe/Madrid":"マドリード","Europe/Malta":"マルタ","Europe/Minsk":"ミンスク","Europe/Moscow":"モスクワ","Europe/Paris":"パリ","Europe/Prague":"プラハ","Europe/Riga":"リガ","Europe/Rome":"ローマ","Europe/Samara":"サマラ","Europe/Saratov":"サラトフ","Europe/Simferopol":"シンフェロポリ","Europe/Sofia":"ソフィア","Europe/Tallinn":"タリン","Europe/Tirane":"ティラナ","Europe/Ulyanovsk":"ウリヤノフスク","Europe/Vienna":"ウィーン","Europe/Vilnius":"ビリニュス","Europe/Volgograd":"ヴォルゴグラード","Europe/Warsaw":"ワルシャワ","Europe/Zurich":"チューリッヒ","Factory":"システムのデフォルト時間","Indian/Chagos":"チャゴス","Indian/Maldives":"モルディブ","Indian/Mauritius":"モーリシャス","Pacific/Apia":"アピア","Pacific/Auckland":"オークランド","Pacific/Bougainville":"ブーゲンビル","Pacific/Chatham":"チャタム","Pacific/Easter":"イースター","Pacific/Efate":"エファーテ","Pacific/Fakaofo":"ファカオフォ","Pacific/Fiji":"フィジー","Pacific/Galapagos":"ガラパゴス","Pacific/Gambier":"ガンビア","Pacific/Guadalcanal":"ガダルカナル","Pacific/Guam":"グアム","Pacific/Honolulu":"ホノルル","Pacific/Kanton":"カントン","Pacific/Kiritimati":"キリスィマスィ","Pacific/Kosrae":"コスラエ","Pacific/Kwajalein":"クェゼリン","Pacific/Marquesas":"マルケサス","Pacific/Nauru":"ナウル","Pacific/Niue":"ニウエ","Pacific/Norfolk":"ノーフォーク島","Pacific/Noumea":"ヌメア","Pacific/Pago_Pago":"パゴパゴ","Pacific/Palau":"パラオ","Pacific/Pitcairn":"ピトケアン","Pacific/Port_Moresby":"ポートモレスビー","Pacific/Rarotonga":"ラロトンガ","Pacific/Tahiti":"タヒチ","Pacific/Tarawa":"タラワ","Pacific/Tongatapu":"トンガタプ","Africa":"アフリカ","America":"アメリカ","Antarctica":"南極","Arctic":"北極","Asia":"アジア","Atlantic":"大西洋","Australia":"オーストラリア","Europe":"ヨーロッパ","Global":"グローバル","Indian":"インド","Pacific":"太平洋","AD":"アンドラ","AE":"アラブ首長国連邦","AF":"アフガニスタン","AG":"アンティグア・バーブーダ","AI":"アンギラ","AL":"アルバニア","AM":"アルメニア","AO":"アンゴラ","AQ":"南極","AR":"アルゼンチン","AS":"米国領サモア","AT":"オーストリア","AU":"オーストラリア","AW":"アルバ","AX":"オーランド諸島","AZ":"アゼルバイジャン","BA":"ボスニア ヘルツェゴビナ","BB":"バルバドス","BD":"バングラデシュ","BE":"ベルギー","BF":"ブルキナファソ","BG":"ブルガリア","BH":"バーレーン","BI":"ブルンジ","BJ":"ベナン","BL":"サン バルテルミー","BM":"バミューダ","BN":"ブルネイ","BO":"ボリビア","BQ":"ボネール、シント ユースタティウス、サバ","BR":"ブラジル","BS":"バハマ","BT":"ブータン","BV":"ブーベ島","BW":"ボツワナ","BY":"ベラルーシ","BZ":"ベリーズ","CA":"カナダ","CC":"ココス諸島","CD":"コンゴ民主共和国","CF":"中央アフリカ共和国","CG":"コンゴ共和国","CH":"スイス","CI":"コートジボワール","CK":"クック諸島","CL":"チリ","CM":"カメルーン","CN":"中国","CO":"コロンビア","CR":"コスタリカ","CU":"キューバ","CV":"カーボベルデ","CW":"キュラソー島","CX":"クリスマス島","CY":"キプロス","CZ":"チェコ共和国","DE":"ドイツ","DJ":"ジブチ","DK":"デンマーク","DM":"ドミニカ国","DO":"ドミニカ共和国","DZ":"アルジェリア","EC":"エクアドル","EE":"エストニア","EG":"エジプト","EH":"西サハラ","ER":"エリトリア","ES":"スペイン","ET":"エチオピア","FI":"フィンランド","FJ":"フィジー","FK":"フォークランド諸島","FM":"ミクロネシア","FO":"フェロー諸島","FR":"フランス","GA":"ガボン","GB":"英国","GD":"グレナダ","GE":"ジョージア","GF":"フランス領ギアナ","GG":"ガーンジー","GH":"ガーナ","GI":"ジブラルタル","GL":"グリーンランド","GM":"ガンビア","GN":"ギニア","GP":"グアドループ","GQ":"赤道ギニア","GR":"ギリシャ","GS":"南ジョージア島・南サンドイッチ諸島","GT":"グアテマラ","GU":"グアム","GW":"ギニアビサウ","GY":"ガイアナ","HK":"香港","HM":"ヘアド島・マクドナルド諸島","HN":"ホンジュラス","HR":"クロアチア","HT":"ハイチ","HU":"ハンガリー","ID":"インドネシア","IE":"アイルランド","IL":"イスラエル","IM":"マン島","IN":"インド","IO":"イギリス領インド洋地域","IQ":"イラク","IR":"イラン","IS":"アイスランド","IT":"イタリア","JE":"ジャージー島","JM":"ジャマイカ","JO":"ヨルダン","JP":"日本","KE":"ケニア","KG":"キルギスタン","KH":"カンボジア","KI":"キリバス","KM":"コモロ","KN":"セントクリストファー・ネービス","KP":"北朝鮮","KR":"韓国","KW":"クウェート","KY":"ケイマン諸島","KZ":"カザフスタン","LA":"ラオス","LB":"レバノン","LC":"セントルシア","LI":"リヒテンシュタイン","LK":"スリランカ","LR":"リベリア","LS":"レソト","LT":"リトアニア","LU":"ルクセンブルグ","LV":"ラトビア","LY":"リビア","MA":"モロッコ","MC":"モナコ","MD":"モルドバ","ME":"モンテネグロ","MF":"サンマルタン島","MG":"マダガスカル","MH":"マーシャル諸島","MK":"北マケドニア","ML":"マリ","MM":"ミャンマー","MN":"モンゴル国","MO":"マカオ","MP":"北マリアナ諸島連邦","MQ":"マルティニク","MR":"モーリタニア","MS":"モントセラト島","MT":"マルタ","MU":"モーリシャス","MV":"モルディブ","MW":"マラウイ","MX":"メキシコ","MY":"マレーシア","MZ":"モザンビーク","NA":"ナミビア","NC":"フランス領ニューカレドニア","NE":"ニジェール","NF":"ノーフォーク島","NG":"ナイジェリア","NI":"ニカラグア","NL":"オランダ","NO":"ノルウェー","NP":"ネパール","NR":"ナウル","NU":"ニウエ","NZ":"ニュージーランド","OM":"オマーン","PA":"パナマ","PE":"ペルー","PF":"フランス領ポリネシア","PG":"パプアニューギニア独立国","PH":"フィリピン","PK":"パキスタン","PL":"ポーランド","PM":"サンピエール島とミクロン島","PN":"ピトケアン諸島","PR":"プエルトリコ","PS":"パレスチナ","PT":"ポルトガル","PW":"パラオ","PY":"パラグアイ","QA":"カタール","RE":"レユニオン","RO":"ルーマニア","RS":"セルビア","RU":"ロシア","RW":"ルワンダ","SA":"サウジアラビア","SB":"ソロモン諸島","SC":"セイシェル","SD":"スーダン","SE":"スウェーデン","SG":"シンガポール","SH":"セント・ヘレナ島","SI":"スロベニア","SJ":"スバールバル諸島・ヤンマイエン島","SK":"スロバキア","SL":"シエラ・レオネ","SM":"サンマリノ","SN":"セネガル","SO":"ソマリア民主共和国","SR":"スリナム","SS":"南スーダン","ST":"サントメ・プリンシペ","SV":"エルサルバドル","SX":"シントマールテン島","SY":"シリア","SZ":"エスワティニ","TC":"タークス・カイコス諸島","TD":"チャド","TF":"フランス領南方・南極地域","TG":"トーゴ","TH":"タイ","TJ":"タジキスタン","TK":"トケラウ諸島","TL":"東ティモール民主共和国","TM":"トルクメニスタン","TN":"チュニジア","TO":"トンガ","TR":"トルコ","TT":"トリニダード トバゴ","TV":"ツバル","TW":"台湾","TZ":"タンザニア","UA":"ウクライナ","UG":"ウガンダ","UM":"アメリカ領太平洋諸島","US":"米国","UY":"ウルグアイ","UZ":"ウズベキスタン","VA":"バチカン市国","VC":"セントビンセントおよびグレナディーン諸島","VE":"ベネズエラ","VG":"英領ヴァージン諸島","VI":"アメリカ領バージン諸島","VN":"ベトナム","VU":"バヌアツ","WF":"ワリー・エ・フトゥーナ諸島","WS":"サモア","YE":"イエメン","YT":"マヨット島","ZA":"南アフリカ","ZM":"ザンビア","ZW":"ジンバブエ"}